{
  "experiment": "exp_0218_1355_vuln__PHASE_THREE",
  "overall": {
    "runs": 247,
    "success_rate": 0.8380566801619433,
    "avg_risk": 0.0373514908348468,
    "avg_total_issues": 0.291497975708502,
    "avg_issue_density": 0.008397141740706236,
    "correlations": {
      "risk_vs_loc_nonempty": {
        "pearson_r": 0.004373327169505625,
        "n": 247
      },
      "risk_vs_cyclomatic_approx": {
        "pearson_r": 0.05607439647385582,
        "n": 247
      },
      "risk_vs_attempts_till_success": {
        "pearson_r": 0.47650495378439983,
        "n": 247
      },
      "risk_vs_issue_weight_sum": {
        "pearson_r": 0.9454572517887985,
        "n": 247
      },
      "risk_vs_total_issues": {
        "pearson_r": 0.8494997716725868,
        "n": 247
      }
    }
  },
  "by_difficulty": {
    "very easy": {
      "runs": 45,
      "success_rate": 0.8222222222222222,
      "success_rate_ci95": {
        "low": 0.6866989315634587,
        "high": 0.9070572107414617
      },
      "first_attempt_success_rate": 0.24444444444444444,
      "avg_risk": 0.06868495639286715,
      "avg_risk_ci95": {
        "low": 0.019301492491752975,
        "high": 0.11806842029398132
      },
      "median_risk": 0.0,
      "avg_total_issues": 0.5555555555555556,
      "median_total_issues": 0,
      "avg_total_issues_raw": 0.5555555555555556,
      "median_total_issues_raw": 0,
      "avg_false_positive_count": 0,
      "median_false_positive_count": 0,
      "avg_false_positive_rate": 0.0,
      "avg_attempts": 2.022222222222222,
      "fixer_rate": 0.6,
      "sast_error_rate": 0.0,
      "target_issue_rate": 0.08888888888888889,
      "off_target_issue_rate": 0.1111111111111111,
      "avg_off_target_issue_count": 0.35555555555555557,
      "avg_loc_nonempty": 33.28888888888889,
      "avg_issue_density": 0.011458607529601946,
      "avg_cyclomatic_approx": 6.977777777777778,
      "avg_functionality_score": 0.7666666666666667,
      "judge_secure_rate": 0.8222222222222222,
      "avg_risk_delta_first_to_final": 0.24318052032507328,
      "improved_risk_rate": 0.7111111111111111
    },
    "easy": {
      "runs": 43,
      "success_rate": 0.8372093023255814,
      "success_rate_ci95": {
        "low": 0.7002730466408176,
        "high": 0.9188347549714246
      },
      "first_attempt_success_rate": 0.4186046511627907,
      "avg_risk": 0.040857273141814865,
      "avg_risk_ci95": {
        "low": 0.0074041624682742516,
        "high": 0.07431038381535549
      },
      "median_risk": 0.0,
      "avg_total_issues": 0.23255813953488372,
      "median_total_issues": 0,
      "avg_total_issues_raw": 0.23255813953488372,
      "median_total_issues_raw": 0,
      "avg_false_positive_count": 0,
      "median_false_positive_count": 0,
      "avg_false_positive_rate": 0.0,
      "avg_attempts": 1.813953488372093,
      "fixer_rate": 0.4186046511627907,
      "sast_error_rate": 0.0,
      "target_issue_rate": 0.023255813953488372,
      "off_target_issue_rate": 0.11627906976744186,
      "avg_off_target_issue_count": 0.16279069767441862,
      "avg_loc_nonempty": 44.02325581395349,
      "avg_issue_density": 0.006983624812109014,
      "avg_cyclomatic_approx": 8.285714285714286,
      "avg_functionality_score": 0.713953488372093,
      "judge_secure_rate": 0.8571428571428571,
      "avg_risk_delta_first_to_final": 0.14789610051219534,
      "improved_risk_rate": 0.4883720930232558
    },
    "medium": {
      "runs": 32,
      "success_rate": 0.84375,
      "success_rate_ci95": {
        "low": 0.6824550744643347,
        "high": 0.9313568089337279
      },
      "first_attempt_success_rate": 0.3125,
      "avg_risk": 0.032761984392419174,
      "avg_risk_ci95": {
        "low": 0.0,
        "high": 0.06579121434533627
      },
      "median_risk": 0.0,
      "avg_total_issues": 0.25,
      "median_total_issues": 0.0,
      "avg_total_issues_raw": 0.28125,
      "median_total_issues_raw": 0.0,
      "avg_false_positive_count": 0.03125,
      "median_false_positive_count": 0.0,
      "avg_false_positive_rate": 0.1,
      "avg_attempts": 1.9375,
      "fixer_rate": 0.53125,
      "sast_error_rate": 0.0,
      "target_issue_rate": 0.03125,
      "off_target_issue_rate": 0.125,
      "avg_off_target_issue_count": 0.15625,
      "avg_loc_nonempty": 38.15625,
      "avg_issue_density": 0.008853772916272916,
      "avg_cyclomatic_approx": 6.709677419354839,
      "avg_functionality_score": 0.665625,
      "judge_secure_rate": 0.84375,
      "avg_risk_delta_first_to_final": 0.18411669422148905,
      "improved_risk_rate": 0.625
    },
    "hard": {
      "runs": 33,
      "success_rate": 0.7878787878787878,
      "success_rate_ci95": {
        "low": 0.6224802241287064,
        "high": 0.8932411343356381
      },
      "first_attempt_success_rate": 0.21212121212121213,
      "avg_risk": 0.04194831537630726,
      "avg_risk_ci95": {
        "low": 0.007148794444185633,
        "high": 0.0767478363084289
      },
      "median_risk": 0.0,
      "avg_total_issues": 0.2727272727272727,
      "median_total_issues": 0,
      "avg_total_issues_raw": 0.2727272727272727,
      "median_total_issues_raw": 0,
      "avg_false_positive_count": 0,
      "median_false_positive_count": 0,
      "avg_false_positive_rate": 0.0,
      "avg_attempts": 2.1515151515151514,
      "fixer_rate": 0.5757575757575758,
      "sast_error_rate": 0.0,
      "target_issue_rate": 0.030303030303030304,
      "off_target_issue_rate": 0.12121212121212122,
      "avg_off_target_issue_count": 0.21212121212121213,
      "avg_loc_nonempty": 46.696969696969695,
      "avg_issue_density": 0.006085349072188985,
      "avg_cyclomatic_approx": 8.580645161290322,
      "avg_functionality_score": 0.6333333333333333,
      "judge_secure_rate": 0.8387096774193549,
      "avg_risk_delta_first_to_final": 0.2584640730191058,
      "improved_risk_rate": 0.6666666666666666
    },
    "very hard": {
      "runs": 94,
      "success_rate": 0.8617021276595744,
      "success_rate_ci95": {
        "low": 0.7776378977292479,
        "high": 0.9173630016836808
      },
      "first_attempt_success_rate": 0.3829787234042553,
      "avg_risk": 0.0206963249516441,
      "avg_risk_ci95": {
        "low": 0.004433815868871059,
        "high": 0.03695883403441714
      },
      "median_risk": 0.0,
      "avg_total_issues": 0.2127659574468085,
      "median_total_issues": 0.0,
      "avg_total_issues_raw": 0.22340425531914893,
      "median_total_issues_raw": 0.0,
      "avg_false_positive_count": 0.010638297872340425,
      "median_false_positive_count": 0.0,
      "avg_false_positive_rate": 0.09090909090909091,
      "avg_attempts": 1.8404255319148937,
      "fixer_rate": 0.4787234042553192,
      "sast_error_rate": 0.0,
      "target_issue_rate": 0.02127659574468085,
      "off_target_issue_rate": 0.0425531914893617,
      "avg_off_target_issue_count": 0.09574468085106383,
      "avg_loc_nonempty": 55.159574468085104,
      "avg_issue_density": 0.008234293101049952,
      "avg_cyclomatic_approx": 9.67816091954023,
      "avg_functionality_score": 0.6404255319148936,
      "judge_secure_rate": 0.8901098901098901,
      "avg_risk_delta_first_to_final": 0.20874135451542566,
      "improved_risk_rate": 0.6063829787234043
    }
  },
  "by_combo_size": {
    "2": {
      "runs": 94,
      "success_rate": 0.8191489361702128,
      "success_rate_ci95": {
        "low": 0.7293285364486144,
        "high": 0.8839075512686756
      },
      "first_attempt_success_rate": 0.3191489361702128,
      "avg_risk": 0.05295105538944821,
      "avg_risk_ci95": {
        "low": 0.02588232215652207,
        "high": 0.08001978862237434
      },
      "median_risk": 0.0,
      "avg_total_issues": 0.35106382978723405,
      "median_total_issues": 0.0,
      "avg_total_issues_raw": 0.3617021276595745,
      "median_total_issues_raw": 0.0,
      "avg_false_positive_count": 0.010638297872340425,
      "median_false_positive_count": 0.0,