{
  "experiment": "exp_0427_0010_vuln__PHASE_ONE_5",
  "overall": {
    "runs": 124,
    "success_rate": 0.3870967741935484,
    "avg_risk": 0.1528863651857207,
    "avg_total_issues": 1.5241935483870968,
    "avg_issue_density": 0.27926692368546246,
    "correlations": {
      "risk_vs_loc_nonempty": {
        "pearson_r": 0.09776892975453827,
        "n": 124
      },
      "risk_vs_cyclomatic_approx": {
        "pearson_r": 0.32963510331400275,
        "n": 124
      },
      "risk_vs_attempts_till_success": {
        "pearson_r": 0.49231680520813365,
        "n": 124
      },
      "risk_vs_issue_weight_sum": {
        "pearson_r": 0.9595810302325476,
        "n": 124
      },
      "risk_vs_total_issues": {
        "pearson_r": 0.6476915129121112,
        "n": 124
      }
    }
  },
  "by_axis": {
    "Unknown": {
      "runs": 124,
      "success_rate": 0.3870967741935484,
      "success_rate_ci95": {
        "low": 0.3059857259817207,
        "high": 0.4749932354830919
      },
      "first_attempt_success_rate": 0.12903225806451613,
      "avg_risk": 0.1528863651857207,
      "avg_risk_ci95": {
        "low": 0.11921764840531529,
        "high": 0.18655508196612614
      },
      "median_risk": 0.016129032258064516,
      "avg_total_issues": 1.5241935483870968,
      "median_total_issues": 1.0,
      "avg_total_issues_raw": 1.967741935483871,
      "median_total_issues_raw": 2.0,
      "avg_false_positive_count": 0.4435483870967742,
      "median_false_positive_count": 0.0,
      "avg_false_positive_rate": 0.25892172961138477,
      "avg_attempts": 2.564516129032258,
      "fixer_rate": 0.25806451612903225,
      "sast_error_rate": 0.0,
      "target_issue_rate": 0.3629032258064516,
      "off_target_issue_rate": 0.33064516129032256,
      "avg_off_target_issue_count": 0.4838709677419355,
      "avg_loc_nonempty": 41.943548387096776,
      "avg_issue_density": 0.27926692368546246,
      "avg_cyclomatic_approx": 9.127272727272727,
      "avg_functionality_score": 0.6870967741935484,
      "judge_secure_rate": 0.3870967741935484,
      "avg_risk_delta_first_to_final": 0.3083472493941226,
      "improved_risk_rate": 0.7661290322580645
    }
  },
  "by_difficulty": {
    "unknown": {
      "runs": 124,
      "success_rate": 0.3870967741935484,
      "success_rate_ci95": {
        "low": 0.3059857259817207,
        "high": 0.4749932354830919
      },
      "first_attempt_success_rate": 0.12903225806451613,
      "avg_risk": 0.1528863651857207,
      "avg_risk_ci95": {
        "low": 0.11921764840531529,
        "high": 0.18655508196612614
      },
      "median_risk": 0.016129032258064516,
      "avg_total_issues": 1.5241935483870968,
      "median_total_issues": 1.0,
      "avg_total_issues_raw": 1.967741935483871,
      "median_total_issues_raw": 2.0,
      "avg_false_positive_count": 0.4435483870967742,
      "median_false_positive_count": 0.0,
      "avg_false_positive_rate": 0.25892172961138477,
      "avg_attempts": 2.564516129032258,
      "fixer_rate": 0.25806451612903225,
      "sast_error_rate": 0.0,
      "target_issue_rate": 0.3629032258064516,
      "off_target_issue_rate": 0.33064516129032256,
      "avg_off_target_issue_count": 0.4838709677419355,
      "avg_loc_nonempty": 41.943548387096776,
      "avg_issue_density": 0.27926692368546246,
      "avg_cyclomatic_approx": 9.127272727272727,
      "avg_functionality_score": 0.6870967741935484,
      "judge_secure_rate": 0.3870967741935484,
      "avg_risk_delta_first_to_final": 0.3083472493941226,
      "improved_risk_rate": 0.7661290322580645
    }
  },
  "by_combo_size": {
    "1": {
      "runs": 28,
      "success_rate": 0.42857142857142855,
      "success_rate_ci95": {
        "low": 0.2650829618073123,
        "high": 0.6092952101438459
      },
      "first_attempt_success_rate": 0.17857142857142858,
      "avg_risk": 0.11790565683049299,
      "avg_risk_ci95": {
        "low": 0.05544919775961818,
        "high": 0.1803621159013678
      },
      "median_risk": 0.0,
      "avg_total_issues": 1.25,
      "median_total_issues": 1.0,
      "avg_total_issues_raw": 1.5714285714285714,
      "median_total_issues_raw": 1.0,
      "avg_false_positive_count": 0.32142857142857145,
      "median_false_positive_count": 0.0,
      "avg_false_positive_rate": 0.20980392156862746,
      "avg_attempts": 2.5,
      "fixer_rate": 0.25,
      "sast_error_rate": 0.0,
      "target_issue_rate": 0.21428571428571427,
      "off_target_issue_rate": 0.32142857142857145,
      "avg_off_target_issue_count": 0.5714285714285714,
      "avg_loc_nonempty": 33.642857142857146,
      "avg_issue_density": 0.32879960193629093,
      "avg_cyclomatic_approx": 8.12,
      "avg_functionality_score": 0.7928571428571428,
      "judge_secure_rate": 0.42857142857142855,
      "avg_risk_delta_first_to_final": 0.3574258892717508,
      "improved_risk_rate": 0.7142857142857143
    },
    "2": {
      "runs": 25,
      "success_rate": 0.64,
      "success_rate_ci95": {
        "low": 0.44518154601046633,
        "high": 0.7975234356826436
      },
      "first_attempt_success_rate": 0.24,
      "avg_risk": 0.0883010323010323,
      "avg_risk_ci95": {
        "low": 0.02771967367414068,
        "high": 0.1488823909279239
      },
      "median_risk": 0.0,
      "avg_total_issues": 0.84,
      "median_total_issues": 0,
      "avg_total_issues_raw": 1.32,
      "median_total_issues_raw": 1,
      "avg_false_positive_count": 0.48,
      "median_false_positive_count": 0,
      "avg_false_positive_rate": 0.4307692307692308,
      "avg_attempts": 2.2,
      "fixer_rate": 0.4,
      "sast_error_rate": 0.0,
      "target_issue_rate": 0.2,
      "off_target_issue_rate": 0.2,
      "avg_off_target_issue_count": 0.28,
      "avg_loc_nonempty": 42.64,
      "avg_issue_density": 0.13724009185501265,
      "avg_cyclomatic_approx": 9.173913043478262,
      "avg_functionality_score": 0.798,
      "judge_secure_rate": 0.64,
      "avg_risk_delta_first_to_final": 0.23500471641648113,
      "improved_risk_rate": 0.68
    },
    "3": {
      "runs": 23,
      "success_rate": 0.34782608695652173,
      "success_rate_ci95": {
        "low": 0.18811054636982238,
        "high": 0.5511002309310836
      },
      "first_attempt_success_rate": 0.17391304347826086,
      "avg_risk": 0.12864942461264942,
      "avg_risk_ci95": {
        "low": 0.06303765973165096,
        "high": 0.19426118949364787
      },
      "median_risk": 0.03225806451612903,
      "avg_total_issues": 1.565217391304348,
      "median_total_issues": 1,
      "avg_total_issues_raw": 1.826086956521739,
      "median_total_issues_raw": 1,
      "avg_false_positive_count": 0.2608695652173913,
      "median_false_positive_count": 0,
      "avg_false_positive_rate": 0.1375,
      "avg_attempts": 2.5217391304347827,
      "fixer_rate": 0.17391304347826086,
      "sast_error_rate": 0.0,
      "target_issue_rate": 0.30434782608695654,
      "off_target_issue_rate": 0.391304347826087,
      "avg_off_target_issue_count": 0.5652173913043478,
      "avg_loc_nonempty": 49.08695652173913,
      "avg_issue_density": 0.25090717464951423,
      "avg_cyclomatic_approx": 9.95,
      "avg_functionality_score": 0.7456521739130435,
      "judge_secure_rate": 0.34782608695652173,
      "avg_risk_delta_first_to_final": 0.3314480878735201,
      "improved_risk_rate": 0.7391304347826086
    },
    "4": {
      "runs": 20,
      "success_rate": 0.3,
      "success_rate_ci95": {
        "low": 0.14547527396899385,
        "high": 0.5189767762289793
      },
      "first_attempt_success_rate": 0.05,
      "avg_risk": 0.16602428938435812,
      "avg_risk_ci95": {
        "low": 0.08167254161051472,
        "high": 0.2503760371582015
      },
      "median_risk": 0.06976744186046512,
      "avg_total_issues": 1.7,
      "median_total_issues": 1.0,
      "avg_total_issues_raw": 2.4,
      "median_total_issues_raw": 2.0,
      "avg_false_positive_count": 0.7,
      "median_false_positive_count": 1.0,