{
  "experiment": "exp_0219_2059_vuln__PHASE_THREE",
  "overall": {
    "runs": 208,
    "success_rate": 0.8076923076923077,
    "avg_risk": 0.05188717062879895,
    "avg_total_issues": 0.40865384615384615,
    "avg_issue_density": 0.01452842161063614,
    "correlations": {
      "risk_vs_loc_nonempty": {
        "pearson_r": -0.023449569517105803,
        "n": 208
      },
      "risk_vs_cyclomatic_approx": {
        "pearson_r": -0.008638128889868783,
        "n": 208
      },
      "risk_vs_attempts_till_success": {
        "pearson_r": 0.51100716719409,
        "n": 208
      },
      "risk_vs_issue_weight_sum": {
        "pearson_r": 0.9435946669382559,
        "n": 208
      },
      "risk_vs_total_issues": {
        "pearson_r": 0.9116385702906565,
        "n": 208
      }
    }
  },
  "by_difficulty": {
    "very easy": {
      "runs": 53,
      "success_rate": 0.8113207547169812,
      "success_rate_ci95": {
        "low": 0.6864128355267498,
        "high": 0.8941478805685044
      },
      "first_attempt_success_rate": 0.41509433962264153,
      "avg_risk": 0.04788745534116175,
      "avg_risk_ci95": {
        "low": 0.008696315081997648,
        "high": 0.08707859560032585
      },
      "median_risk": 0.0,
      "avg_total_issues": 0.5094339622641509,
      "median_total_issues": 0,
      "avg_total_issues_raw": 0.5094339622641509,
      "median_total_issues_raw": 0,
      "avg_false_positive_count": 0,
      "median_false_positive_count": 0,
      "avg_false_positive_rate": 0.0,
      "avg_attempts": 1.849056603773585,
      "fixer_rate": 0.41509433962264153,
      "sast_error_rate": 0.0,
      "target_issue_rate": 0.0,
      "off_target_issue_rate": 0.11320754716981132,
      "avg_off_target_issue_count": 0.4528301886792453,
      "avg_loc_nonempty": 39.660377358490564,
      "avg_issue_density": 0.011007561065166711,
      "avg_cyclomatic_approx": 8.040816326530612,
      "avg_functionality_score": 0.7622641509433963,
      "judge_secure_rate": 0.86,
      "avg_risk_delta_first_to_final": 0.21289172240706355,
      "improved_risk_rate": 0.5094339622641509
    },
    "easy": {
      "runs": 29,
      "success_rate": 0.8620689655172413,
      "success_rate_ci95": {
        "low": 0.6944064228730067,
        "high": 0.9450264914795217
      },
      "first_attempt_success_rate": 0.4482758620689655,
      "avg_risk": 0.053181023736977175,
      "avg_risk_ci95": {
        "low": 0.0,
        "high": 0.11316943379739489
      },
      "median_risk": 0.0,
      "avg_total_issues": 0.4482758620689655,
      "median_total_issues": 0,
      "avg_total_issues_raw": 0.4482758620689655,
      "median_total_issues_raw": 0,
      "avg_false_positive_count": 0,
      "median_false_positive_count": 0,
      "avg_false_positive_rate": 0.0,
      "avg_attempts": 1.8275862068965518,
      "fixer_rate": 0.41379310344827586,
      "sast_error_rate": 0.0,
      "target_issue_rate": 0.06896551724137931,
      "off_target_issue_rate": 0.06896551724137931,
      "avg_off_target_issue_count": 0.20689655172413793,
      "avg_loc_nonempty": 45.55172413793103,
      "avg_issue_density": 0.008803113916074677,
      "avg_cyclomatic_approx": 8.035714285714286,
      "avg_functionality_score": 0.7137931034482758,
      "judge_secure_rate": 0.8928571428571429,
      "avg_risk_delta_first_to_final": 0.20351880026545502,
      "improved_risk_rate": 0.5172413793103449
    },
    "medium": {
      "runs": 27,
      "success_rate": 0.7407407407407407,
      "success_rate_ci95": {
        "low": 0.553210695973843,
        "high": 0.8682979157713322
      },
      "first_attempt_success_rate": 0.37037037037037035,
      "avg_risk": 0.08110939611365868,
      "avg_risk_ci95": {
        "low": 0.023888942830081035,
        "high": 0.13832984939723633
      },
      "median_risk": 0.0,
      "avg_total_issues": 0.5185185185185185,
      "median_total_issues": 0,
      "avg_total_issues_raw": 0.5185185185185185,
      "median_total_issues_raw": 0,
      "avg_false_positive_count": 0,
      "median_false_positive_count": 0,
      "avg_false_positive_rate": 0.0,
      "avg_attempts": 1.8888888888888888,
      "fixer_rate": 0.37037037037037035,
      "sast_error_rate": 0.0,
      "target_issue_rate": 0.07407407407407407,
      "off_target_issue_rate": 0.18518518518518517,
      "avg_off_target_issue_count": 0.4074074074074074,
      "avg_loc_nonempty": 38.592592592592595,
      "avg_issue_density": 0.01413379217083881,
      "avg_cyclomatic_approx": 7.666666666666667,
      "avg_functionality_score": 0.6407407407407407,
      "judge_secure_rate": 0.7407407407407407,
      "avg_risk_delta_first_to_final": 0.13346038841792224,
      "improved_risk_rate": 0.5185185185185185
    },
    "hard": {
      "runs": 28,
      "success_rate": 0.7857142857142857,
      "success_rate_ci95": {
        "low": 0.6046105292072612,
        "high": 0.8978767829881058
      },
      "first_attempt_success_rate": 0.2857142857142857,
      "avg_risk": 0.045283288140431,
      "avg_risk_ci95": {
        "low": 0.0022205983392861173,
        "high": 0.08834597794157588
      },
      "median_risk": 0.0,
      "avg_total_issues": 0.39285714285714285,
      "median_total_issues": 0.0,
      "avg_total_issues_raw": 0.39285714285714285,
      "median_total_issues_raw": 0.0,
      "avg_false_positive_count": 0,
      "median_false_positive_count": 0.0,
      "avg_false_positive_rate": 0.0,
      "avg_attempts": 2,
      "fixer_rate": 0.5,
      "sast_error_rate": 0.0,
      "target_issue_rate": 0.0,
      "off_target_issue_rate": 0.14285714285714285,
      "avg_off_target_issue_count": 0.32142857142857145,
      "avg_loc_nonempty": 47.785714285714285,
      "avg_issue_density": 0.009858792001649144,
      "avg_cyclomatic_approx": 9.538461538461538,
      "avg_functionality_score": 0.6,
      "judge_secure_rate": 0.8148148148148148,
      "avg_risk_delta_first_to_final": 0.23673186732479193,
      "improved_risk_rate": 0.6785714285714286
    },
    "very hard": {
      "runs": 71,
      "success_rate": 0.8169014084507042,
      "success_rate_ci95": {
        "low": 0.7115161048643927,
        "high": 0.889753777126372
      },
      "first_attempt_success_rate": 0.323943661971831,
      "avg_risk": 0.04583606910331574,
      "avg_risk_ci95": {
        "low": 0.018383597148255337,
        "high": 0.07328854105837614
      },
      "median_risk": 0.0,
      "avg_total_issues": 0.28169014084507044,
      "median_total_issues": 0,
      "avg_total_issues_raw": 0.30985915492957744,
      "median_total_issues_raw": 0,
      "avg_false_positive_count": 0.028169014084507043,
      "median_false_positive_count": 0,
      "avg_false_positive_rate": 0.05128205128205128,
      "avg_attempts": 2.0140845070422535,
      "fixer_rate": 0.49295774647887325,
      "sast_error_rate": 0.0,
      "target_issue_rate": 0.08450704225352113,
      "off_target_issue_rate": 0.08450704225352113,
      "avg_off_target_issue_count": 0.11267605633802817,
      "avg_loc_nonempty": 60.42253521126761,
      "avg_issue_density": 0.02148679000469707,
      "avg_cyclomatic_approx": 11.318840579710145,
      "avg_functionality_score": 0.528169014084507,
      "judge_secure_rate": 0.8169014084507042,
      "avg_risk_delta_first_to_final": 0.19858322211309393,
      "improved_risk_rate": 0.6338028169014085
    }
  },
  "by_combo_size": {
    "2": {
      "runs": 49,
      "success_rate": 0.8367346938775511,
      "success_rate_ci95": {
        "low": 0.7096339333048477,
        "high": 0.9148740301179102
      },
      "first_attempt_success_rate": 0.3877551020408163,
      "avg_risk": 0.049046084599253234,
      "avg_risk_ci95": {
        "low": 0.00564952064044269,
        "high": 0.09244264855806378
      },
      "median_risk": 0.0,
      "avg_total_issues": 0.5102040816326531,
      "median_total_issues": 0,
      "avg_total_issues_raw": 0.5102040816326531,
      "median_total_issues_raw": 0,
      "avg_false_positive_count": 0,