{
  "experiment": "exp_0219_2059_vuln__PHASE_TWO_10",
  "overall": {
    "runs": 168,
    "success_rate": 0.7976190476190477,
    "avg_risk": 0.05705677668926889,
    "avg_total_issues": 0.4583333333333333,
    "avg_issue_density": 0.016229865538766524,
    "correlations": {
      "risk_vs_loc_nonempty": {
        "pearson_r": 0.052582213470308385,
        "n": 168
      },
      "risk_vs_cyclomatic_approx": {
        "pearson_r": 0.03653931984925045,
        "n": 168
      },
      "risk_vs_attempts_till_success": {
        "pearson_r": 0.5294693796700828,
        "n": 168
      },
      "risk_vs_issue_weight_sum": {
        "pearson_r": 0.946555468308123,
        "n": 168
      },
      "risk_vs_total_issues": {
        "pearson_r": 0.9155752925375702,
        "n": 168
      }
    }
  },
  "by_difficulty": {
    "very easy": {
      "runs": 53,
      "success_rate": 0.8113207547169812,
      "success_rate_ci95": {
        "low": 0.6864128355267498,
        "high": 0.8941478805685044
      },
      "first_attempt_success_rate": 0.41509433962264153,
      "avg_risk": 0.04788745534116175,
      "avg_risk_ci95": {
        "low": 0.008696315081997648,
        "high": 0.08707859560032585
      },
      "median_risk": 0.0,
      "avg_total_issues": 0.5094339622641509,
      "median_total_issues": 0,
      "avg_total_issues_raw": 0.5094339622641509,
      "median_total_issues_raw": 0,
      "avg_false_positive_count": 0,
      "median_false_positive_count": 0,
      "avg_false_positive_rate": 0.0,
      "avg_attempts": 1.849056603773585,
      "fixer_rate": 0.41509433962264153,
      "sast_error_rate": 0.0,
      "target_issue_rate": 0.0,
      "off_target_issue_rate": 0.11320754716981132,
      "avg_off_target_issue_count": 0.4528301886792453,
      "avg_loc_nonempty": 39.660377358490564,
      "avg_issue_density": 0.011007561065166711,
      "avg_cyclomatic_approx": 8.040816326530612,
      "avg_functionality_score": 0.7622641509433963,
      "judge_secure_rate": 0.86,
      "avg_risk_delta_first_to_final": 0.21289172240706355,
      "improved_risk_rate": 0.5094339622641509
    },
    "easy": {
      "runs": 29,
      "success_rate": 0.8620689655172413,
      "success_rate_ci95": {
        "low": 0.6944064228730067,
        "high": 0.9450264914795217
      },
      "first_attempt_success_rate": 0.4482758620689655,
      "avg_risk": 0.053181023736977175,
      "avg_risk_ci95": {
        "low": 0.0,
        "high": 0.11316943379739489
      },
      "median_risk": 0.0,
      "avg_total_issues": 0.4482758620689655,
      "median_total_issues": 0,
      "avg_total_issues_raw": 0.4482758620689655,
      "median_total_issues_raw": 0,
      "avg_false_positive_count": 0,
      "median_false_positive_count": 0,
      "avg_false_positive_rate": 0.0,
      "avg_attempts": 1.8275862068965518,
      "fixer_rate": 0.41379310344827586,
      "sast_error_rate": 0.0,
      "target_issue_rate": 0.06896551724137931,
      "off_target_issue_rate": 0.06896551724137931,
      "avg_off_target_issue_count": 0.20689655172413793,
      "avg_loc_nonempty": 45.55172413793103,
      "avg_issue_density": 0.008803113916074677,
      "avg_cyclomatic_approx": 8.035714285714286,
      "avg_functionality_score": 0.7137931034482758,
      "judge_secure_rate": 0.8928571428571429,
      "avg_risk_delta_first_to_final": 0.20351880026545502,
      "improved_risk_rate": 0.5172413793103449
    },
    "medium": {
      "runs": 22,
      "success_rate": 0.7272727272727273,
      "success_rate_ci95": {
        "low": 0.5184787630099802,
        "high": 0.8684941798418556
      },
      "first_attempt_success_rate": 0.45454545454545453,
      "avg_risk": 0.08905383928634335,
      "avg_risk_ci95": {
        "low": 0.021537534153020885,
        "high": 0.15657014441966582
      },
      "median_risk": 0.0,
      "avg_total_issues": 0.5454545454545454,
      "median_total_issues": 0.0,
      "avg_total_issues_raw": 0.5454545454545454,
      "median_total_issues_raw": 0.0,
      "avg_false_positive_count": 0,
      "median_false_positive_count": 0.0,
      "avg_false_positive_rate": 0.0,
      "avg_attempts": 1.8181818181818181,
      "fixer_rate": 0.2727272727272727,
      "sast_error_rate": 0.0,
      "target_issue_rate": 0.09090909090909091,
      "off_target_issue_rate": 0.18181818181818182,
      "avg_off_target_issue_count": 0.4090909090909091,
      "avg_loc_nonempty": 38.31818181818182,
      "avg_issue_density": 0.014591196727572149,
      "avg_cyclomatic_approx": 7.545454545454546,
      "avg_functionality_score": 0.6318181818181818,
      "judge_secure_rate": 0.7272727272727273,
      "avg_risk_delta_first_to_final": 0.11459443391397409,
      "improved_risk_rate": 0.45454545454545453
    },
    "hard": {
      "runs": 23,
      "success_rate": 0.7391304347826086,
      "success_rate_ci95": {
        "low": 0.5352960945624944,
        "high": 0.8745155411075104
      },
      "first_attempt_success_rate": 0.21739130434782608,
      "avg_risk": 0.05512748121443774,
      "avg_risk_ci95": {
        "low": 0.0033990009178884242,
        "high": 0.10685596151098706
      },
      "median_risk": 0.0,
      "avg_total_issues": 0.4782608695652174,
      "median_total_issues": 0,
      "avg_total_issues_raw": 0.4782608695652174,
      "median_total_issues_raw": 0,
      "avg_false_positive_count": 0,
      "median_false_positive_count": 0,
      "avg_false_positive_rate": 0.0,
      "avg_attempts": 2.130434782608696,
      "fixer_rate": 0.5217391304347826,
      "sast_error_rate": 0.0,
      "target_issue_rate": 0.0,
      "off_target_issue_rate": 0.17391304347826086,
      "avg_off_target_issue_count": 0.391304347826087,
      "avg_loc_nonempty": 42.34782608695652,
      "avg_issue_density": 0.012002007654181567,
      "avg_cyclomatic_approx": 7.333333333333333,
      "avg_functionality_score": 0.6217391304347826,
      "judge_secure_rate": 0.7727272727272727,
      "avg_risk_delta_first_to_final": 0.2667119407841457,
      "improved_risk_rate": 0.7391304347826086
    },
    "very hard": {
      "runs": 41,
      "success_rate": 0.8048780487804879,
      "success_rate_ci95": {
        "low": 0.6598611764744329,
        "high": 0.8976568425079408
      },
      "first_attempt_success_rate": 0.34146341463414637,
      "avg_risk": 0.0555643202466254,
      "avg_risk_ci95": {
        "low": 0.013494281507061466,
        "high": 0.09763435898618933
      },
      "median_risk": 0.0,
      "avg_total_issues": 0.34146341463414637,
      "median_total_issues": 0,
      "avg_total_issues_raw": 0.34146341463414637,
      "median_total_issues_raw": 0,
      "avg_false_positive_count": 0,
      "median_false_positive_count": 0,
      "avg_false_positive_rate": 0.0,
      "avg_attempts": 1.975609756097561,
      "fixer_rate": 0.4634146341463415,
      "sast_error_rate": 0.0,
      "target_issue_rate": 0.0975609756097561,
      "off_target_issue_rate": 0.0975609756097561,
      "avg_off_target_issue_count": 0.12195121951219512,
      "avg_loc_nonempty": 55.51219512195122,
      "avg_issue_density": 0.03148472844975638,
      "avg_cyclomatic_approx": 11.425,
      "avg_functionality_score": 0.5463414634146342,
      "judge_secure_rate": 0.8048780487804879,
      "avg_risk_delta_first_to_final": 0.19510542331083036,
      "improved_risk_rate": 0.6341463414634146
    }
  },
  "by_combo_size": {
    "2": {
      "runs": 49,
      "success_rate": 0.8367346938775511,
      "success_rate_ci95": {
        "low": 0.7096339333048477,
        "high": 0.9148740301179102
      },
      "first_attempt_success_rate": 0.3877551020408163,
      "avg_risk": 0.049046084599253234,
      "avg_risk_ci95": {
        "low": 0.00564952064044269,
        "high": 0.09244264855806378
      },
      "median_risk": 0.0,
      "avg_total_issues": 0.5102040816326531,
      "median_total_issues": 0,
      "avg_total_issues_raw": 0.5102040816326531,
      "median_total_issues_raw": 0,
      "avg_false_positive_count": 0,