model,experiment,runs,first_success,final_success,feedback_gain,issue_rate,target_issue_rate,off_target_issue_rate,fixer_rate,avg_risk,avg_attempts
CodeLlama 13B,exp_0425_1421_vuln,189,0.26455026455026454,0.4656084656084656,0.20105820105820105,0.5132275132275133,0.3492063492063492,0.19576719576719576,0.20105820105820105,0.12388739466469258,2.2804232804232805
GPT-OSS 20B,exp_0425_2118_vuln,296,0.17229729729729729,0.5304054054054054,0.3581081081081081,0.46959459459459457,0.35135135135135137,0.22972972972972974,0.3581081081081081,0.164544000860578,2.418918918918919
DeepSeek Coder V2,exp_0427_0010_vuln,124,0.12903225806451613,0.3870967741935484,0.25806451612903225,0.6129032258064516,0.3629032258064516,0.33064516129032256,0.25806451612903225,0.1528863651857207,2.564516129032258
