{
  "experiment": "0206_2103_PHASE_TWO_10",
  "overall": {
    "runs": 126,
    "success_rate": 0.5714285714285714,
    "avg_risk": 0.01532819531271346,
    "avg_total_issues": 0.1984126984126984,
    "avg_issue_density": 0.005502335413495958,
    "correlations": {
      "risk_vs_loc_nonempty": {
        "pearson_r": 0.17902986607276863,
        "n": 126
      },
      "risk_vs_cyclomatic_approx": {
        "pearson_r": 0.12976532878540264,
        "n": 126
      },
      "risk_vs_attempts_till_success": {
        "pearson_r": 0.24847161126783235,
        "n": 126
      },
      "risk_vs_issue_weight_sum": {
        "pearson_r": 0.9934136017149652,
        "n": 126
      },
      "risk_vs_total_issues": {
        "pearson_r": 0.9066678252166267,
        "n": 126
      }
    }
  },
  "by_difficulty": {
    "very easy": {
      "runs": 43,
      "success_rate": 0.7441860465116279,
      "success_rate_ci95": {
        "low": 0.5976131013174515,
        "high": 0.8507063412293445
      },
      "first_attempt_success_rate": 0.5813953488372093,
      "avg_risk": 0.017029600820149312,
      "avg_risk_ci95": {
        "low": 0.0,
        "high": 0.0354260747975088
      },
      "median_risk": 0.0,
      "avg_total_issues": 0.20930232558139536,
      "median_total_issues": 0,
      "avg_total_issues_raw": 0.20930232558139536,
      "median_total_issues_raw": 0,
      "avg_false_positive_count": 0,
      "median_false_positive_count": 0,
      "avg_false_positive_rate": 0.0,
      "avg_attempts": 2.0697674418604652,
      "fixer_rate": 0.20930232558139536,
      "sast_error_rate": 0.0,
      "target_issue_rate": 0.023255813953488372,
      "off_target_issue_rate": 0.06976744186046512,
      "avg_off_target_issue_count": 0.13953488372093023,
      "avg_loc_nonempty": 37.74418604651163,
      "avg_issue_density": 0.006450984755758317,
      "avg_cyclomatic_approx": 7.651162790697675,
      "avg_functionality_score": 1.0,
      "judge_secure_rate": 0.8048780487804879,
      "avg_risk_delta_first_to_final": 0.053293759458119136,
      "improved_risk_rate": 0.3488372093023256
    },
    "easy": {
      "runs": 31,
      "success_rate": 0.6451612903225806,
      "success_rate_ci95": {
        "low": 0.469476380428149,
        "high": 0.7888355225843418
      },
      "first_attempt_success_rate": 0.5483870967741935,
      "avg_risk": 0.010500880493076122,
      "avg_risk_ci95": {
        "low": 0.0,
        "high": 0.025543978814873244
      },
      "median_risk": 0.0,
      "avg_total_issues": 0.16129032258064516,
      "median_total_issues": 0,
      "avg_total_issues_raw": 0.16129032258064516,
      "median_total_issues_raw": 0,
      "avg_false_positive_count": 0,
      "median_false_positive_count": 0,
      "avg_false_positive_rate": 0.0,
      "avg_attempts": 2.193548387096774,
      "fixer_rate": 0.2903225806451613,
      "sast_error_rate": 0.0,
      "target_issue_rate": 0.03225806451612903,
      "off_target_issue_rate": 0.06451612903225806,
      "avg_off_target_issue_count": 0.0967741935483871,
      "avg_loc_nonempty": 38.064516129032256,
      "avg_issue_density": 0.0051408196569486895,
      "avg_cyclomatic_approx": 6.967741935483871,
      "avg_functionality_score": 1.0,
      "judge_secure_rate": 0.7692307692307693,
      "avg_risk_delta_first_to_final": 0.04838709677419355,
      "improved_risk_rate": 0.3548387096774194
    },
    "medium": {
      "runs": 27,
      "success_rate": 0.48148148148148145,
      "success_rate_ci95": {
        "low": 0.3074295064970908,
        "high": 0.6601467541378958
      },
      "first_attempt_success_rate": 0.5185185185185185,
      "avg_risk": 0.013080334725963524,
      "avg_risk_ci95": {
        "low": 0.0,
        "high": 0.027137610249821476
      },
      "median_risk": 0.0,
      "avg_total_issues": 0.14814814814814814,
      "median_total_issues": 0,
      "avg_total_issues_raw": 0.14814814814814814,
      "median_total_issues_raw": 0,
      "avg_false_positive_count": 0,
      "median_false_positive_count": 0,
      "avg_false_positive_rate": 0.0,
      "avg_attempts": 2.5925925925925926,
      "fixer_rate": 0.4074074074074074,
      "sast_error_rate": 0.0,
      "target_issue_rate": 0.0,
      "off_target_issue_rate": 0.14814814814814814,
      "avg_off_target_issue_count": 0.14814814814814814,
      "avg_loc_nonempty": 42.148148148148145,
      "avg_issue_density": 0.004044995541882921,
      "avg_cyclomatic_approx": 7.7407407407407405,
      "avg_functionality_score": 1.0,
      "judge_secure_rate": 0.6086956521739131,
      "avg_risk_delta_first_to_final": 0.09821159765542413,
      "improved_risk_rate": 0.4444444444444444
    },
    "hard": {
      "runs": 12,
      "success_rate": 0.4166666666666667,
      "success_rate_ci95": {
        "low": 0.19325746190524654,
        "high": 0.6804926643446272
      },
      "first_attempt_success_rate": 0.4166666666666667,
      "avg_risk": 0.0026881720430107525,
      "avg_risk_ci95": {
        "low": 0.0,
        "high": 0.007956989247311827
      },
      "median_risk": 0.0,
      "avg_total_issues": 0.08333333333333333,
      "median_total_issues": 0.0,
      "avg_total_issues_raw": 0.08333333333333333,
      "median_total_issues_raw": 0.0,
      "avg_false_positive_count": 0,
      "median_false_positive_count": 0.0,
      "avg_false_positive_rate": 0.0,
      "avg_attempts": 2.75,
      "fixer_rate": 0.5,
      "sast_error_rate": 0.0,
      "target_issue_rate": 0.0,
      "off_target_issue_rate": 0.08333333333333333,
      "avg_off_target_issue_count": 0.08333333333333333,
      "avg_loc_nonempty": 38.333333333333336,
      "avg_issue_density": 0.0010548523206751054,
      "avg_cyclomatic_approx": 6.083333333333333,
      "avg_functionality_score": 1.0,
      "judge_secure_rate": 0.45454545454545453,
      "avg_risk_delta_first_to_final": 0.08262928827444956,
      "improved_risk_rate": 0.5833333333333334
    },
    "very hard": {
      "runs": 13,
      "success_rate": 0.15384615384615385,
      "success_rate_ci95": {
        "low": 0.04325726318273798,
        "high": 0.4223517050863101
      },
      "first_attempt_success_rate": 0.3076923076923077,
      "avg_risk": 0.03754810590253628,
      "avg_risk_ci95": {
        "low": 0.0,
        "high": 0.08242517171073055
      },
      "median_risk": 0.0,
      "avg_total_issues": 0.46153846153846156,
      "median_total_issues": 0,
      "avg_total_issues_raw": 0.46153846153846156,
      "median_total_issues_raw": 0,
      "avg_false_positive_count": 0,
      "median_false_positive_count": 0,
      "avg_false_positive_rate": 0.0,
      "avg_attempts": 2.923076923076923,
      "fixer_rate": 0.6153846153846154,
      "sast_error_rate": 0.0,
      "target_issue_rate": 0.0,
      "off_target_issue_rate": 0.23076923076923078,
      "avg_off_target_issue_count": 0.46153846153846156,
      "avg_loc_nonempty": 41.84615384615385,
      "avg_issue_density": 0.010358723135271808,
      "avg_cyclomatic_approx": 8.615384615384615,
      "avg_functionality_score": 1.0,
      "judge_secure_rate": 0.2,
      "avg_risk_delta_first_to_final": 0.07821807821807822,
      "improved_risk_rate": 0.5384615384615384
    }
  },
  "by_combo_size": {
    "2": {
      "runs": 70,
      "success_rate": 0.5285714285714286,
      "success_rate_ci95": {
        "low": 0.4132168390581603,
        "high": 0.6409531680922806
      },
      "first_attempt_success_rate": 0.4857142857142857,
      "avg_risk": 0.014358353285861325,
      "avg_risk_ci95": {
        "low": 0.002347795666519787,
        "high": 0.026368910905202863
      },
      "median_risk": 0.0,
      "avg_total_issues": 0.2,
      "median_total_issues": 0.0,
      "avg_total_issues_raw": 0.2,
      "median_total_issues_raw": 0.0,
      "avg_false_positive_count": 0,
      "median_false_positive_count": 0.0,
      "avg_false_positive_rate": 0.0,
      "avg_attempts": 2.4,
      "fixer_rate": 0.38571428571428573,
      "sast_error_rate": 0.0,