{
  "experiment": "exp_0412_1918_vuln__PHASE_ONE_5",
  "overall": {
    "runs": 113,
    "success_rate": 0.5575221238938053,
    "avg_risk": 0.11234679694175904,
    "avg_total_issues": 0.672566371681416,
    "avg_issue_density": 0.016794467506719642,
    "correlations": {
      "risk_vs_loc_nonempty": {
        "pearson_r": -0.04211048876723982,
        "n": 113
      },
      "risk_vs_cyclomatic_approx": {
        "pearson_r": 0.24181711024590208,
        "n": 113
      },
      "risk_vs_attempts_till_success": {
        "pearson_r": 0.0968881877607459,
        "n": 113
      },
      "risk_vs_issue_weight_sum": {
        "pearson_r": 0.8430293081496898,
        "n": 113
      },
      "risk_vs_total_issues": {
        "pearson_r": 0.841058999409061,
        "n": 113
      }
    }
  },
  "by_axis": {
    "Unknown": {
      "runs": 113,
      "success_rate": 0.5575221238938053,
      "success_rate_ci95": {
        "low": 0.46555055620499053,
        "high": 0.6457111861881296
      },
      "first_attempt_success_rate": 0.044642857142857144,
      "avg_risk": 0.11234679694175904,
      "avg_risk_ci95": {
        "low": 0.0768001109581597,
        "high": 0.1478934829253584
      },
      "median_risk": 0.0,
      "avg_total_issues": 0.672566371681416,
      "median_total_issues": 0,
      "avg_total_issues_raw": 0.6814159292035398,
      "median_total_issues_raw": 0,
      "avg_false_positive_count": 0.008849557522123894,
      "median_false_positive_count": 0,
      "avg_false_positive_rate": 0.013888888888888888,
      "avg_attempts": 2.663716814159292,
      "fixer_rate": 0.5132743362831859,
      "sast_error_rate": 0.0,
      "target_issue_rate": 0.08849557522123894,
      "off_target_issue_rate": 0.25663716814159293,
      "avg_off_target_issue_count": 0.4690265486725664,
      "avg_loc_nonempty": 42.26548672566372,
      "avg_issue_density": 0.016794467506719642,
      "avg_cyclomatic_approx": 8.41,
      "avg_functionality_score": 1.0,
      "judge_secure_rate": 0.6363636363636364,
      "avg_risk_delta_first_to_final": 0.7569322139017337,
      "improved_risk_rate": 0.9285714285714286
    }
  },
  "by_difficulty": {
    "unknown": {
      "runs": 113,
      "success_rate": 0.5575221238938053,
      "success_rate_ci95": {
        "low": 0.46555055620499053,
        "high": 0.6457111861881296
      },
      "first_attempt_success_rate": 0.044642857142857144,
      "avg_risk": 0.11234679694175904,
      "avg_risk_ci95": {
        "low": 0.0768001109581597,
        "high": 0.1478934829253584
      },
      "median_risk": 0.0,
      "avg_total_issues": 0.672566371681416,
      "median_total_issues": 0,
      "avg_total_issues_raw": 0.6814159292035398,
      "median_total_issues_raw": 0,
      "avg_false_positive_count": 0.008849557522123894,
      "median_false_positive_count": 0,
      "avg_false_positive_rate": 0.013888888888888888,
      "avg_attempts": 2.663716814159292,
      "fixer_rate": 0.5132743362831859,
      "sast_error_rate": 0.0,
      "target_issue_rate": 0.08849557522123894,
      "off_target_issue_rate": 0.25663716814159293,
      "avg_off_target_issue_count": 0.4690265486725664,
      "avg_loc_nonempty": 42.26548672566372,
      "avg_issue_density": 0.016794467506719642,
      "avg_cyclomatic_approx": 8.41,
      "avg_functionality_score": 1.0,
      "judge_secure_rate": 0.6363636363636364,
      "avg_risk_delta_first_to_final": 0.7569322139017337,
      "improved_risk_rate": 0.9285714285714286
    }
  },
  "by_combo_size": {
    "1": {
      "runs": 46,
      "success_rate": 0.5869565217391305,
      "success_rate_ci95": {
        "low": 0.44339242387017885,
        "high": 0.7171160670289899
      },
      "first_attempt_success_rate": 0.043478260869565216,
      "avg_risk": 0.08454545334201734,
      "avg_risk_ci95": {
        "low": 0.03991615747669027,
        "high": 0.1291747492073444
      },
      "median_risk": 0.0,
      "avg_total_issues": 0.5434782608695652,
      "median_total_issues": 0.0,
      "avg_total_issues_raw": 0.5434782608695652,
      "median_total_issues_raw": 0.0,
      "avg_false_positive_count": 0,
      "median_false_positive_count": 0.0,
      "avg_false_positive_rate": 0.0,
      "avg_attempts": 2.6956521739130435,
      "fixer_rate": 0.5434782608695652,
      "sast_error_rate": 0.0,
      "target_issue_rate": 0.043478260869565216,
      "off_target_issue_rate": 0.2391304347826087,
      "avg_off_target_issue_count": 0.391304347826087,
      "avg_loc_nonempty": 40.41304347826087,
      "avg_issue_density": 0.01397102438756022,
      "avg_cyclomatic_approx": 8.1,
      "avg_functionality_score": 1.0,
      "judge_secure_rate": 0.675,
      "avg_risk_delta_first_to_final": 0.7697978718897767,
      "improved_risk_rate": 0.9347826086956522
    },
    "2": {
      "runs": 40,
      "success_rate": 0.525,
      "success_rate_ci95": {
        "low": 0.37497106853929735,
        "high": 0.6706477044981831
      },
      "first_attempt_success_rate": 0.05128205128205128,
      "avg_risk": 0.14627907684813055,
      "avg_risk_ci95": {
        "low": 0.07726385473970956,
        "high": 0.21529429895655153
      },
      "median_risk": 0.0,
      "avg_total_issues": 0.7,
      "median_total_issues": 0.0,
      "avg_total_issues_raw": 0.725,
      "median_total_issues_raw": 0.0,
      "avg_false_positive_count": 0.025,
      "median_false_positive_count": 0.0,
      "avg_false_positive_rate": 0.03125,
      "avg_attempts": 2.55,
      "fixer_rate": 0.475,
      "sast_error_rate": 0.0,
      "target_issue_rate": 0.1,
      "off_target_issue_rate": 0.3,
      "avg_off_target_issue_count": 0.45,
      "avg_loc_nonempty": 40.2,
      "avg_issue_density": 0.020843998429356945,
      "avg_cyclomatic_approx": 8.473684210526315,
      "avg_functionality_score": 1.0,
      "judge_secure_rate": 0.5675675675675675,
      "avg_risk_delta_first_to_final": 0.6852482148939898,
      "improved_risk_rate": 0.9230769230769231
    },
    "3": {
      "runs": 7,
      "success_rate": 0.42857142857142855,
      "success_rate_ci95": {
        "low": 0.15821692226262685,
        "high": 0.7495457695909742
      },
      "first_attempt_success_rate": 0.0,
      "avg_risk": 0.21388555422168867,
      "avg_risk_ci95": {
        "low": 0.0040039486659984025,
        "high": 0.42376715977737894
      },
      "median_risk": 0.0,
      "avg_total_issues": 1.8571428571428572,
      "median_total_issues": 0,
      "avg_total_issues_raw": 1.8571428571428572,
      "median_total_issues_raw": 0,
      "avg_false_positive_count": 0,
      "median_false_positive_count": 0,
      "avg_false_positive_rate": 0.0,
      "avg_attempts": 2.7142857142857144,
      "fixer_rate": 0.42857142857142855,
      "sast_error_rate": 0.0,
      "target_issue_rate": 0.14285714285714285,
      "off_target_issue_rate": 0.42857142857142855,
      "avg_off_target_issue_count": 1.4285714285714286,
      "avg_loc_nonempty": 43,
      "avg_issue_density": 0.036860530773574256,
      "avg_cyclomatic_approx": 8.166666666666666,
      "avg_functionality_score": 1.0,
      "judge_secure_rate": 0.5,
      "avg_risk_delta_first_to_final": 0.7283943880582536,
      "improved_risk_rate": 0.8571428571428571
    },
    "4": {
      "runs": 20,
      "success_rate": 0.6,
      "success_rate_ci95": {
        "low": 0.3865779423152061,
        "high": 0.7811960325858074
      },
      "first_attempt_success_rate": 0.05,
      "avg_risk": 0.07288676236044657,
      "avg_risk_ci95": {
        "low": 0.0025907461882624105,
        "high": 0.14318277853263073
      },
      "median_risk": 0.0,
      "avg_total_issues": 0.5,
      "median_total_issues": 0.0,
      "avg_total_issues_raw": 0.5,
      "median_total_issues_raw": 0.0,
      "avg_false_positive_count": 0,
      "median_false_positive_count": 0.0,
      "avg_false_positive_rate": 0.0,
      "avg_attempts": 2.8,
      "fixer_rate": 0.55,
      "sast_error_rate": 0.0,
      "target_issue_rate": 0.15,