{
  "experiment": "exp_0214_1157_vuln__PHASE_THREE",
  "overall": {
    "runs": 168,
    "success_rate": 0.8035714285714286,
    "avg_risk": 0.06320996466558806,
    "avg_total_issues": 0.5,
    "avg_issue_density": 0.0031768935188722773,
    "correlations": {
      "risk_vs_loc_nonempty": {
        "pearson_r": 0.09860911132581648,
        "n": 168
      },
      "risk_vs_cyclomatic_approx": {
        "pearson_r": 0.016378040157188748,
        "n": 168
      },
      "risk_vs_attempts_till_success": {
        "pearson_r": 0.7102793500716126,
        "n": 168
      },
      "risk_vs_issue_weight_sum": {
        "pearson_r": 0.9236638678750979,
        "n": 168
      },
      "risk_vs_total_issues": {
        "pearson_r": 0.967001953938086,
        "n": 168
      }
    }
  },
  "by_difficulty": {
    "very easy": {
      "runs": 45,
      "success_rate": 0.8222222222222222,
      "success_rate_ci95": {
        "low": 0.6866989315634587,
        "high": 0.9070572107414617
      },
      "first_attempt_success_rate": 0.6888888888888889,
      "avg_risk": 0.05162970840390195,
      "avg_risk_ci95": {
        "low": 0.014849465777477637,
        "high": 0.08840995103032626
      },
      "median_risk": 0.0,
      "avg_total_issues": 0.37777777777777777,
      "median_total_issues": 0,
      "avg_total_issues_raw": 0.37777777777777777,
      "median_total_issues_raw": 0,
      "avg_false_positive_count": 0,
      "median_false_positive_count": 0,
      "avg_false_positive_rate": 0.0,
      "avg_attempts": 1.511111111111111,
      "fixer_rate": 0.13333333333333333,
      "sast_error_rate": 0.0,
      "target_issue_rate": 0.022222222222222223,
      "off_target_issue_rate": 0.15555555555555556,
      "avg_off_target_issue_count": 0.28888888888888886,
      "avg_loc_nonempty": 119.6,
      "avg_issue_density": 0.0029424457204823753,
      "avg_cyclomatic_approx": 21.044444444444444,
      "avg_functionality_score": 0.9955555555555555,
      "judge_secure_rate": 0.8222222222222222,
      "avg_risk_delta_first_to_final": 0.032407382955792964,
      "improved_risk_rate": 0.17777777777777778
    },
    "easy": {
      "runs": 38,
      "success_rate": 0.8157894736842105,
      "success_rate_ci95": {
        "low": 0.6658083165848865,
        "high": 0.907783515467425
      },
      "first_attempt_success_rate": 0.6052631578947368,
      "avg_risk": 0.05025157282139822,
      "avg_risk_ci95": {
        "low": 0.008889138084945673,
        "high": 0.09161400755785076
      },
      "median_risk": 0.0,
      "avg_total_issues": 0.39473684210526316,
      "median_total_issues": 0.0,
      "avg_total_issues_raw": 0.39473684210526316,
      "median_total_issues_raw": 0.0,
      "avg_false_positive_count": 0,
      "median_false_positive_count": 0.0,
      "avg_false_positive_rate": 0.0,
      "avg_attempts": 1.605263157894737,
      "fixer_rate": 0.21052631578947367,
      "sast_error_rate": 0.0,
      "target_issue_rate": 0.05263157894736842,
      "off_target_issue_rate": 0.15789473684210525,
      "avg_off_target_issue_count": 0.23684210526315788,
      "avg_loc_nonempty": 160.68421052631578,
      "avg_issue_density": 0.0032204861074467627,
      "avg_cyclomatic_approx": 29.94736842105263,
      "avg_functionality_score": 0.9828947368421053,
      "judge_secure_rate": 0.8157894736842105,
      "avg_risk_delta_first_to_final": 0.06761792984351161,
      "improved_risk_rate": 0.3157894736842105
    },
    "medium": {
      "runs": 30,
      "success_rate": 0.7,
      "success_rate_ci95": {
        "low": 0.5212387898833981,
        "high": 0.8333543735604105
      },
      "first_attempt_success_rate": 0.5,
      "avg_risk": 0.08045518183836121,
      "avg_risk_ci95": {
        "low": 0.03335949262970833,
        "high": 0.1275508710470141
      },
      "median_risk": 0.0,
      "avg_total_issues": 0.6,
      "median_total_issues": 0.0,
      "avg_total_issues_raw": 0.6,
      "median_total_issues_raw": 0.0,
      "avg_false_positive_count": 0,
      "median_false_positive_count": 0.0,
      "avg_false_positive_rate": 0.0,
      "avg_attempts": 1.8,
      "fixer_rate": 0.2,
      "sast_error_rate": 0.0,
      "target_issue_rate": 0.1,
      "off_target_issue_rate": 0.23333333333333334,
      "avg_off_target_issue_count": 0.43333333333333335,
      "avg_loc_nonempty": 179.53333333333333,
      "avg_issue_density": 0.004948158082396203,
      "avg_cyclomatic_approx": 37.5,
      "avg_functionality_score": 0.9666666666666667,
      "judge_secure_rate": 0.7,
      "avg_risk_delta_first_to_final": 0.04299046085453255,
      "improved_risk_rate": 0.26666666666666666
    },
    "hard": {
      "runs": 25,
      "success_rate": 0.84,
      "success_rate_ci95": {
        "low": 0.6534598601976183,
        "high": 0.9359665239142201
      },
      "first_attempt_success_rate": 0.56,
      "avg_risk": 0.08053402737613263,
      "avg_risk_ci95": {
        "low": 0.0,
        "high": 0.1626698864529666
      },
      "median_risk": 0.0,
      "avg_total_issues": 0.8,
      "median_total_issues": 0,
      "avg_total_issues_raw": 0.8,
      "median_total_issues_raw": 0,
      "avg_false_positive_count": 0,
      "median_false_positive_count": 0,
      "avg_false_positive_rate": 0.0,
      "avg_attempts": 1.64,
      "fixer_rate": 0.28,
      "sast_error_rate": 0.0,
      "target_issue_rate": 0.08,
      "off_target_issue_rate": 0.12,
      "avg_off_target_issue_count": 0.28,
      "avg_loc_nonempty": 239.08,
      "avg_issue_density": 0.0029024231815129196,
      "avg_cyclomatic_approx": 42.84,
      "avg_functionality_score": 0.96,
      "judge_secure_rate": 0.84,
      "avg_risk_delta_first_to_final": 0.07263966917640081,
      "improved_risk_rate": 0.28
    },
    "very hard": {
      "runs": 30,
      "success_rate": 0.8333333333333334,
      "success_rate_ci95": {
        "low": 0.6643529481431982,
        "high": 0.9266356575964831
      },
      "first_attempt_success_rate": 0.6333333333333333,
      "avg_risk": 0.06531237596253076,
      "avg_risk_ci95": {
        "low": 0.0075905520711623264,
        "high": 0.12303419985389918
      },
      "median_risk": 0.0,
      "avg_total_issues": 0.4666666666666667,
      "median_total_issues": 0.0,
      "avg_total_issues_raw": 0.4666666666666667,
      "median_total_issues_raw": 0.0,
      "avg_false_positive_count": 0,
      "median_false_positive_count": 0.0,
      "avg_false_positive_rate": 0.0,
      "avg_attempts": 1.6333333333333333,
      "fixer_rate": 0.23333333333333334,
      "sast_error_rate": 0.0,
      "target_issue_rate": 0.06666666666666667,
      "off_target_issue_rate": 0.1,
      "avg_off_target_issue_count": 0.23333333333333334,
      "avg_loc_nonempty": 271.56666666666666,
      "avg_issue_density": 0.0019308086552049873,
      "avg_cyclomatic_approx": 53.93333333333333,
      "avg_functionality_score": 0.9566666666666667,
      "judge_secure_rate": 0.8333333333333334,
      "avg_risk_delta_first_to_final": 0.054714619517171104,
      "improved_risk_rate": 0.26666666666666666
    }
  },
  "by_combo_size": {
    "2": {
      "runs": 56,
      "success_rate": 0.6964285714285714,
      "success_rate_ci95": {
        "low": 0.5666388751588567,
        "high": 0.8009983537922407
      },
      "first_attempt_success_rate": 0.5714285714285714,
      "avg_risk": 0.07416623838649002,
      "avg_risk_ci95": {
        "low": 0.04322616611011678,
        "high": 0.10510631066286324
      },
      "median_risk": 0.0,
      "avg_total_issues": 0.5714285714285714,
      "median_total_issues": 0.0,
      "avg_total_issues_raw": 0.5714285714285714,
      "median_total_issues_raw": 0.0,
      "avg_false_positive_count": 0,
      "median_false_positive_count": 0.0,
      "avg_false_positive_rate": 0.0,
      "avg_attempts": 1.75,
      "fixer_rate": 0.125,
      "sast_error_rate": 0.0,
      "target_issue_rate": 0.05357142857142857,
      "off_target_issue_rate": 0.25,
      "avg_off_target_issue_count": 0.48214285714285715,