{
  "experiment": "exp_0220_1805_vuln__PHASE_THREE",
  "overall": {
    "runs": 269,
    "success_rate": 0.7695167286245354,
    "avg_risk": 0.05329096818273264,
    "avg_total_issues": 0.516728624535316,
    "avg_issue_density": 0.012223696437282475,
    "correlations": {
      "risk_vs_loc_nonempty": {
        "pearson_r": 0.1333561623872372,
        "n": 269
      },
      "risk_vs_cyclomatic_approx": {
        "pearson_r": 0.09810983387699686,
        "n": 269
      },
      "risk_vs_attempts_till_success": {
        "pearson_r": 0.4123006593323541,
        "n": 269
      },
      "risk_vs_issue_weight_sum": {
        "pearson_r": 0.9031575699651787,
        "n": 269
      },
      "risk_vs_total_issues": {
        "pearson_r": 0.8323099752903764,
        "n": 269
      }
    }
  },
  "by_difficulty": {
    "very easy": {
      "runs": 49,
      "success_rate": 0.6938775510204082,
      "success_rate_ci95": {
        "low": 0.5547184259930626,
        "high": 0.8048467650685251
      },
      "first_attempt_success_rate": 0.5208333333333334,
      "avg_risk": 0.0987990301761071,
      "avg_risk_ci95": {
        "low": 0.044648929892361036,
        "high": 0.15294913045985314
      },
      "median_risk": 0.0,
      "avg_total_issues": 0.8979591836734694,
      "median_total_issues": 0,
      "avg_total_issues_raw": 0.8979591836734694,
      "median_total_issues_raw": 0,
      "avg_false_positive_count": 0,
      "median_false_positive_count": 0,
      "avg_false_positive_rate": 0.0,
      "avg_attempts": 2.1020408163265305,
      "fixer_rate": 0.40816326530612246,
      "sast_error_rate": 0.0,
      "target_issue_rate": 0.10204081632653061,
      "off_target_issue_rate": 0.22448979591836735,
      "avg_off_target_issue_count": 0.7346938775510204,
      "avg_loc_nonempty": 38.285714285714285,
      "avg_issue_density": 0.017600659587666344,
      "avg_cyclomatic_approx": 8.541666666666666,
      "avg_functionality_score": 0.8755102040816327,
      "judge_secure_rate": 0.7083333333333334,
      "avg_risk_delta_first_to_final": 0.08233513901300413,
      "improved_risk_rate": 0.2708333333333333
    },
    "easy": {
      "runs": 45,
      "success_rate": 0.8444444444444444,
      "success_rate_ci95": {
        "low": 0.712158094887512,
        "high": 0.9225467468867133
      },
      "first_attempt_success_rate": 0.6136363636363636,
      "avg_risk": 0.028892850069320658,
      "avg_risk_ci95": {
        "low": 0.004193479481898767,
        "high": 0.053592220656742545
      },
      "median_risk": 0.0,
      "avg_total_issues": 0.2222222222222222,
      "median_total_issues": 0,
      "avg_total_issues_raw": 0.2222222222222222,
      "median_total_issues_raw": 0,
      "avg_false_positive_count": 0,
      "median_false_positive_count": 0,
      "avg_false_positive_rate": 0.0,
      "avg_attempts": 2.088888888888889,
      "fixer_rate": 0.6,
      "sast_error_rate": 0.0,
      "target_issue_rate": 0.022222222222222223,
      "off_target_issue_rate": 0.08888888888888889,
      "avg_off_target_issue_count": 0.13333333333333333,
      "avg_loc_nonempty": 35.75555555555555,
      "avg_issue_density": 0.006425669740887132,
      "avg_cyclomatic_approx": 8.363636363636363,
      "avg_functionality_score": 0.8244444444444444,
      "judge_secure_rate": 0.8636363636363636,
      "avg_risk_delta_first_to_final": 0.09747532881533108,
      "improved_risk_rate": 0.2727272727272727
    },
    "medium": {
      "runs": 42,
      "success_rate": 0.7857142857142857,
      "success_rate_ci95": {
        "low": 0.6405986210195627,
        "high": 0.8829433146894876
      },
      "first_attempt_success_rate": 0.4523809523809524,
      "avg_risk": 0.0685521592930847,
      "avg_risk_ci95": {
        "low": 0.015875438869039873,
        "high": 0.12122887971712952
      },
      "median_risk": 0.0,
      "avg_total_issues": 0.6666666666666666,
      "median_total_issues": 0.0,
      "avg_total_issues_raw": 0.6904761904761905,
      "median_total_issues_raw": 0.0,
      "avg_false_positive_count": 0.023809523809523808,
      "median_false_positive_count": 0.0,
      "avg_false_positive_rate": 0.1111111111111111,
      "avg_attempts": 2.2857142857142856,
      "fixer_rate": 0.6428571428571429,
      "sast_error_rate": 0.0,
      "target_issue_rate": 0.023809523809523808,
      "off_target_issue_rate": 0.19047619047619047,
      "avg_off_target_issue_count": 0.5,
      "avg_loc_nonempty": 50.166666666666664,
      "avg_issue_density": 0.014054631125286,
      "avg_cyclomatic_approx": 10.78048780487805,
      "avg_functionality_score": 0.7952380952380953,
      "judge_secure_rate": 0.8048780487804879,
      "avg_risk_delta_first_to_final": 0.14372604727958493,
      "improved_risk_rate": 0.40476190476190477
    },
    "hard": {
      "runs": 44,
      "success_rate": 0.7727272727272727,
      "success_rate_ci95": {
        "low": 0.6300735713298432,
        "high": 0.8715818916981491
      },
      "first_attempt_success_rate": 0.4090909090909091,
      "avg_risk": 0.03133608815426997,
      "avg_risk_ci95": {
        "low": 0.0005539764213107722,
        "high": 0.062118199887229164
      },
      "median_risk": 0.0,
      "avg_total_issues": 0.5909090909090909,
      "median_total_issues": 0.0,
      "avg_total_issues_raw": 0.5909090909090909,
      "median_total_issues_raw": 0.0,
      "avg_false_positive_count": 0,
      "median_false_positive_count": 0.0,
      "avg_false_positive_rate": 0.0,
      "avg_attempts": 2.272727272727273,
      "fixer_rate": 0.5454545454545454,
      "sast_error_rate": 0.0,
      "target_issue_rate": 0.045454545454545456,
      "off_target_issue_rate": 0.045454545454545456,
      "avg_off_target_issue_count": 0.13636363636363635,
      "avg_loc_nonempty": 44.59090909090909,
      "avg_issue_density": 0.014534777155841363,
      "avg_cyclomatic_approx": 10.105263157894736,
      "avg_functionality_score": 0.7977272727272727,
      "judge_secure_rate": 0.7727272727272727,
      "avg_risk_delta_first_to_final": 0.23581419753909447,
      "improved_risk_rate": 0.5681818181818182
    },
    "very hard": {
      "runs": 89,
      "success_rate": 0.7640449438202247,
      "success_rate_ci95": {
        "low": 0.6660617969546638,
        "high": 0.8401767857496412
      },
      "first_attempt_success_rate": 0.5581395348837209,
      "avg_risk": 0.04422428247538165,
      "avg_risk_ci95": {
        "low": 0.021461605676049995,
        "high": 0.06698695927471329
      },
      "median_risk": 0.0,
      "avg_total_issues": 0.34831460674157305,
      "median_total_issues": 0,
      "avg_total_issues_raw": 0.38202247191011235,
      "median_total_issues_raw": 0,
      "avg_false_positive_count": 0.033707865168539325,
      "median_false_positive_count": 0,
      "avg_false_positive_rate": 0.1,
      "avg_attempts": 2.2247191011235956,
      "fixer_rate": 0.5955056179775281,
      "sast_error_rate": 0.0,
      "target_issue_rate": 0.011235955056179775,
      "off_target_issue_rate": 0.16853932584269662,
      "avg_off_target_issue_count": 0.25842696629213485,
      "avg_loc_nonempty": 49.92134831460674,
      "avg_issue_density": 0.010112442192052595,
      "avg_cyclomatic_approx": 11.290697674418604,
      "avg_functionality_score": 0.7786516853932585,
      "judge_secure_rate": 0.7906976744186046,
      "avg_risk_delta_first_to_final": 0.1386196980482015,
      "improved_risk_rate": 0.32558139534883723
    }
  },
  "by_combo_size": {
    "2": {
      "runs": 81,
      "success_rate": 0.7777777777777778,
      "success_rate_ci95": {
        "low": 0.6758450977587792,
        "high": 0.8545550832844825
      },
      "first_attempt_success_rate": 0.5432098765432098,
      "avg_risk": 0.07615100503027608,
      "avg_risk_ci95": {
        "low": 0.038551538024398646,
        "high": 0.11375047203615352
      },
      "median_risk": 0.0,
      "avg_total_issues": 0.691358024691358,
      "median_total_issues": 0,