{
  "experiment": "0207_1105_PHASE_TWO_10",
  "overall": {
    "runs": 108,
    "success_rate": 0.5370370370370371,
    "avg_risk": 0.022183870391170753,
    "avg_total_issues": 0.2222222222222222,
    "avg_issue_density": 0.006594909138639361,
    "correlations": {
      "risk_vs_loc_nonempty": {
        "pearson_r": 0.0930705241997956,
        "n": 108
      },
      "risk_vs_cyclomatic_approx": {
        "pearson_r": 0.03113352031790888,
        "n": 108
      },
      "risk_vs_attempts_till_success": {
        "pearson_r": 0.365813987225081,
        "n": 108
      },
      "risk_vs_issue_weight_sum": {
        "pearson_r": 0.9966380222164455,
        "n": 108
      },
      "risk_vs_total_issues": {
        "pearson_r": 0.8634349882651785,
        "n": 108
      }
    }
  },
  "by_difficulty": {
    "very easy": {
      "runs": 41,
      "success_rate": 0.5121951219512195,
      "success_rate_ci95": {
        "low": 0.36484259315865186,
        "high": 0.657458127600643
      },
      "first_attempt_success_rate": 0.4878048780487805,
      "avg_risk": 0.016027041990850015,
      "avg_risk_ci95": {
        "low": 0.0005811724758583662,
        "high": 0.031472911505841666
      },
      "median_risk": 0.0,
      "avg_total_issues": 0.1951219512195122,
      "median_total_issues": 0,
      "avg_total_issues_raw": 0.24390243902439024,
      "median_total_issues_raw": 0,
      "avg_false_positive_count": 0.04878048780487805,
      "median_false_positive_count": 0,
      "avg_false_positive_rate": 0.25,
      "avg_attempts": 2.4878048780487805,
      "fixer_rate": 0.5121951219512195,
      "sast_error_rate": 0.0,
      "target_issue_rate": 0.0,
      "off_target_issue_rate": 0.14634146341463414,
      "avg_off_target_issue_count": 0.1951219512195122,
      "avg_loc_nonempty": 32.78048780487805,
      "avg_issue_density": 0.005039918676934459,
      "avg_cyclomatic_approx": 7.2926829268292686,
      "avg_functionality_score": 1.0,
      "judge_secure_rate": 0.5833333333333334,
      "avg_risk_delta_first_to_final": 0.05226480836236933,
      "improved_risk_rate": 0.36585365853658536
    },
    "easy": {
      "runs": 31,
      "success_rate": 0.6451612903225806,
      "success_rate_ci95": {
        "low": 0.469476380428149,
        "high": 0.7888355225843418
      },
      "first_attempt_success_rate": 0.5161290322580645,
      "avg_risk": 0.016913319238900635,
      "avg_risk_ci95": {
        "low": 0.0,
        "high": 0.03586057260161089
      },
      "median_risk": 0.0,
      "avg_total_issues": 0.12903225806451613,
      "median_total_issues": 0,
      "avg_total_issues_raw": 0.1935483870967742,
      "median_total_issues_raw": 0,
      "avg_false_positive_count": 0.06451612903225806,
      "median_false_positive_count": 0,
      "avg_false_positive_rate": 0.3,
      "avg_attempts": 2.225806451612903,
      "fixer_rate": 0.5161290322580645,
      "sast_error_rate": 0.0,
      "target_issue_rate": 0.06451612903225806,
      "off_target_issue_rate": 0.06451612903225806,
      "avg_off_target_issue_count": 0.06451612903225806,
      "avg_loc_nonempty": 33.74193548387097,
      "avg_issue_density": 0.006210470344595981,
      "avg_cyclomatic_approx": 6.548387096774194,
      "avg_functionality_score": 1.0,
      "judge_secure_rate": 0.6451612903225806,
      "avg_risk_delta_first_to_final": 0.048333511949415923,
      "improved_risk_rate": 0.3548387096774194
    },
    "medium": {
      "runs": 17,
      "success_rate": 0.5882352941176471,
      "success_rate_ci95": {
        "low": 0.36005074385515545,
        "high": 0.7838921396086862
      },
      "first_attempt_success_rate": 0.17647058823529413,
      "avg_risk": 0.04020963223999277,
      "avg_risk_ci95": {
        "low": 0.008550394327973922,
        "high": 0.07186887015201163
      },
      "median_risk": 0.0,
      "avg_total_issues": 0.47058823529411764,
      "median_total_issues": 0,
      "avg_total_issues_raw": 0.6470588235294118,
      "median_total_issues_raw": 0,
      "avg_false_positive_count": 0.17647058823529413,
      "median_false_positive_count": 0,
      "avg_false_positive_rate": 0.3125,
      "avg_attempts": 2.4705882352941178,
      "fixer_rate": 0.5882352941176471,
      "sast_error_rate": 0.0,
      "target_issue_rate": 0.0,
      "off_target_issue_rate": 0.35294117647058826,
      "avg_off_target_issue_count": 0.47058823529411764,
      "avg_loc_nonempty": 39.23529411764706,
      "avg_issue_density": 0.012149038165474151,
      "avg_cyclomatic_approx": 7.882352941176471,
      "avg_functionality_score": 1.0,
      "judge_secure_rate": 0.625,
      "avg_risk_delta_first_to_final": 0.06862745098039215,
      "improved_risk_rate": 0.47058823529411764
    },
    "hard": {
      "runs": 12,
      "success_rate": 0.25,
      "success_rate_ci95": {
        "low": 0.08894003962896138,
        "high": 0.53231033912066
      },
      "first_attempt_success_rate": 0.5833333333333334,
      "avg_risk": 0.0442393863446495,
      "avg_risk_ci95": {
        "low": 0.0,
        "high": 0.0975035191546507
      },
      "median_risk": 0.0,
      "avg_total_issues": 0.3333333333333333,
      "median_total_issues": 0.0,
      "avg_total_issues_raw": 0.3333333333333333,
      "median_total_issues_raw": 0.0,
      "avg_false_positive_count": 0,
      "median_false_positive_count": 0.0,
      "avg_false_positive_rate": 0.0,
      "avg_attempts": 2.75,
      "fixer_rate": 0.16666666666666666,
      "sast_error_rate": 0.0,
      "target_issue_rate": 0.08333333333333333,
      "off_target_issue_rate": 0.16666666666666666,
      "avg_off_target_issue_count": 0.25,
      "avg_loc_nonempty": 46.916666666666664,
      "avg_issue_density": 0.008879607643600181,
      "avg_cyclomatic_approx": 8.25,
      "avg_functionality_score": 1.0,
      "judge_secure_rate": 0.25,
      "avg_risk_delta_first_to_final": 0.025496433391170234,
      "improved_risk_rate": 0.16666666666666666
    },
    "very hard": {
      "runs": 7,
      "success_rate": 0.5714285714285714,
      "success_rate_ci95": {
        "low": 0.2504542304090258,
        "high": 0.8417830777373732
      },
      "first_attempt_success_rate": 0.7142857142857143,
      "avg_risk": 0.0,
      "avg_risk_ci95": {
        "low": 0.0,
        "high": 0.0
      },
      "median_risk": 0.0,
      "avg_total_issues": 0,
      "median_total_issues": 0,
      "avg_total_issues_raw": 0,
      "median_total_issues_raw": 0,
      "avg_false_positive_count": 0,
      "median_false_positive_count": 0,
      "avg_false_positive_rate": null,
      "avg_attempts": 2.4285714285714284,
      "fixer_rate": 0.5714285714285714,
      "sast_error_rate": 0.0,
      "target_issue_rate": 0.0,
      "off_target_issue_rate": 0.0,
      "avg_off_target_issue_count": 0,
      "avg_loc_nonempty": 38,
      "avg_issue_density": 0.0,
      "avg_cyclomatic_approx": 7.428571428571429,
      "avg_functionality_score": 1.0,
      "judge_secure_rate": 0.5714285714285714,
      "avg_risk_delta_first_to_final": 0.04081632653061224,
      "improved_risk_rate": 0.2857142857142857
    }
  },
  "by_combo_size": {
    "2": {
      "runs": 86,
      "success_rate": 0.5465116279069767,
      "success_rate_ci95": {
        "low": 0.44155981420304113,
        "high": 0.6474857949579708
      },
      "first_attempt_success_rate": 0.5116279069767442,
      "avg_risk": 0.01818401930930063,
      "avg_risk_ci95": {
        "low": 0.006066064162078879,
        "high": 0.030301974456522378
      },
      "median_risk": 0.0,
      "avg_total_issues": 0.18604651162790697,
      "median_total_issues": 0.0,
      "avg_total_issues_raw": 0.2441860465116279,
      "median_total_issues_raw": 0.0,
      "avg_false_positive_count": 0.05813953488372093,
      "median_false_positive_count": 0.0,
      "avg_false_positive_rate": 0.28125,
      "avg_attempts": 2.4069767441860463,
      "fixer_rate": 0.5,
      "sast_error_rate": 0.0,
      "target_issue_rate": 0.023255813953488372,