{
  "experiment": "0206_1311_PHASE_THREE",
  "overall": {
    "runs": 208,
    "success_rate": 0.6298076923076923,
    "avg_risk": 0.061896871283763734,
    "avg_total_issues": 0.5625,
    "avg_issue_density": 0.01596705264924249,
    "correlations": {
      "risk_vs_loc_nonempty": {
        "pearson_r": 0.021883189155714303,
        "n": 208
      },
      "risk_vs_cyclomatic_approx": {
        "pearson_r": 0.015170643218956982,
        "n": 208
      },
      "risk_vs_attempts_till_success": {
        "pearson_r": 0.3106434015313416,
        "n": 208
      },
      "risk_vs_issue_weight_sum": {
        "pearson_r": 0.9796576158879785,
        "n": 208
      },
      "risk_vs_total_issues": {
        "pearson_r": 0.9314843461330435,
        "n": 208
      }
    }
  },
  "by_difficulty": {
    "very easy": {
      "runs": 47,
      "success_rate": 0.7659574468085106,
      "success_rate_ci95": {
        "low": 0.6277546774315923,
        "high": 0.8639686357607541
      },
      "first_attempt_success_rate": 0.0,
      "avg_risk": 0.03057574556186952,
      "avg_risk_ci95": {
        "low": 0.013482154367991297,
        "high": 0.04766933675574775
      },
      "median_risk": 0.0,
      "avg_total_issues": 0.2553191489361702,
      "median_total_issues": 0,
      "avg_total_issues_raw": 0.2553191489361702,
      "median_total_issues_raw": 0,
      "avg_false_positive_count": 0,
      "median_false_positive_count": 0,
      "avg_false_positive_rate": 0.0,
      "avg_attempts": 2.765957446808511,
      "fixer_rate": 0.23404255319148937,
      "sast_error_rate": 0.0,
      "target_issue_rate": 0.0,
      "off_target_issue_rate": 0.23404255319148937,
      "avg_off_target_issue_count": 0.2553191489361702,
      "avg_loc_nonempty": 40.38297872340426,
      "avg_issue_density": 0.006223936305184125,
      "avg_cyclomatic_approx": 9.106382978723405,
      "avg_functionality_score": 1.0,
      "judge_secure_rate": null,
      "avg_risk_delta_first_to_final": 0.9511871723712612,
      "improved_risk_rate": 1.0
    },
    "easy": {
      "runs": 33,
      "success_rate": 0.7272727272727273,
      "success_rate_ci95": {
        "low": 0.5578211674561319,
        "high": 0.849327273436772
      },
      "first_attempt_success_rate": 0.0,
      "avg_risk": 0.03823953823953824,
      "avg_risk_ci95": {
        "low": 0.011609148927040184,
        "high": 0.0648699275520363
      },
      "median_risk": 0.0,
      "avg_total_issues": 0.30303030303030304,
      "median_total_issues": 0,
      "avg_total_issues_raw": 0.30303030303030304,
      "median_total_issues_raw": 0,
      "avg_false_positive_count": 0,
      "median_false_positive_count": 0,
      "avg_false_positive_rate": 0.0,
      "avg_attempts": 2.696969696969697,
      "fixer_rate": 0.15151515151515152,
      "sast_error_rate": 0.0,
      "target_issue_rate": 0.0,
      "off_target_issue_rate": 0.24242424242424243,
      "avg_off_target_issue_count": 0.30303030303030304,
      "avg_loc_nonempty": 44.484848484848484,
      "avg_issue_density": 0.006607544759833729,
      "avg_cyclomatic_approx": 10.545454545454545,
      "avg_functionality_score": 1.0,
      "judge_secure_rate": null,
      "avg_risk_delta_first_to_final": 0.9605654761904762,
      "improved_risk_rate": 1.0
    },
    "medium": {
      "runs": 40,
      "success_rate": 0.45,
      "success_rate_ci95": {
        "low": 0.30705075280944694,
        "high": 0.6017117011155924
      },
      "first_attempt_success_rate": 0.0,
      "avg_risk": 0.10046019206945785,
      "avg_risk_ci95": {
        "low": 0.060133616872410596,
        "high": 0.1407867672665051
      },
      "median_risk": 0.016129032258064516,
      "avg_total_issues": 1.025,
      "median_total_issues": 0.5,
      "avg_total_issues_raw": 1.025,
      "median_total_issues_raw": 0.5,
      "avg_false_positive_count": 0,
      "median_false_positive_count": 0.0,
      "avg_false_positive_rate": 0.0,
      "avg_attempts": 2.825,
      "fixer_rate": 0.175,
      "sast_error_rate": 0.0,
      "target_issue_rate": 0.125,
      "off_target_issue_rate": 0.475,
      "avg_off_target_issue_count": 0.8,
      "avg_loc_nonempty": 40.775,
      "avg_issue_density": 0.03329367352670288,
      "avg_cyclomatic_approx": 9.052631578947368,
      "avg_functionality_score": 1.0,
      "judge_secure_rate": null,
      "avg_risk_delta_first_to_final": 0.8399326552102991,
      "improved_risk_rate": 0.975
    },
    "hard": {
      "runs": 42,
      "success_rate": 0.5952380952380952,
      "success_rate_ci95": {
        "low": 0.4449404552817742,
        "high": 0.7295735232879093
      },
      "first_attempt_success_rate": 0.0,
      "avg_risk": 0.06202527555724771,
      "avg_risk_ci95": {
        "low": 0.03477902034556256,
        "high": 0.08927153076893286
      },
      "median_risk": 0.0,
      "avg_total_issues": 0.5952380952380952,
      "median_total_issues": 0.0,
      "avg_total_issues_raw": 0.5952380952380952,
      "median_total_issues_raw": 0.0,
      "avg_false_positive_count": 0,
      "median_false_positive_count": 0.0,
      "avg_false_positive_rate": 0.0,
      "avg_attempts": 2.880952380952381,
      "fixer_rate": 0.23809523809523808,
      "sast_error_rate": 0.0,
      "target_issue_rate": 0.11904761904761904,
      "off_target_issue_rate": 0.30952380952380953,
      "avg_off_target_issue_count": 0.38095238095238093,
      "avg_loc_nonempty": 38.404761904761905,
      "avg_issue_density": 0.018228991159645987,
      "avg_cyclomatic_approx": 8.30952380952381,
      "avg_functionality_score": 1.0,
      "judge_secure_rate": null,
      "avg_risk_delta_first_to_final": 0.9149332497883744,
      "improved_risk_rate": 1.0
    },
    "very hard": {
      "runs": 46,
      "success_rate": 0.6086956521739131,
      "success_rate_ci95": {
        "low": 0.4645658371764493,
        "high": 0.7360697764475116
      },
      "first_attempt_success_rate": 0.0,
      "avg_risk": 0.07721989494625023,
      "avg_risk_ci95": {
        "low": 0.0455621830199355,
        "high": 0.10887760687256495
      },
      "median_risk": 0.0,
      "avg_total_issues": 0.6304347826086957,
      "median_total_issues": 0.0,
      "avg_total_issues_raw": 0.6304347826086957,
      "median_total_issues_raw": 0.0,
      "avg_false_positive_count": 0,
      "median_false_positive_count": 0.0,
      "avg_false_positive_rate": 0.0,
      "avg_attempts": 2.8260869565217392,
      "fixer_rate": 0.2826086956521739,
      "sast_error_rate": 0.0,
      "target_issue_rate": 0.10869565217391304,
      "off_target_issue_rate": 0.30434782608695654,
      "avg_off_target_issue_count": 0.391304347826087,
      "avg_loc_nonempty": 46.69565217391305,
      "avg_issue_density": 0.015301062825252506,
      "avg_cyclomatic_approx": 9.565217391304348,
      "avg_functionality_score": 1.0,
      "judge_secure_rate": null,
      "avg_risk_delta_first_to_final": 0.9049123266142024,
      "improved_risk_rate": 1.0
    }
  },
  "by_combo_size": {
    "2": {
      "runs": 91,
      "success_rate": 0.6923076923076923,
      "success_rate_ci95": {
        "low": 0.5913030988143508,
        "high": 0.7777332734104956
      },
      "first_attempt_success_rate": 0.0,
      "avg_risk": 0.050607522791242095,
      "avg_risk_ci95": {
        "low": 0.030963494388260425,
        "high": 0.07025155119422377
      },
      "median_risk": 0.0,
      "avg_total_issues": 0.4945054945054945,
      "median_total_issues": 0,
      "avg_total_issues_raw": 0.4945054945054945,
      "median_total_issues_raw": 0,
      "avg_false_positive_count": 0,
      "median_false_positive_count": 0,
      "avg_false_positive_rate": 0.0,
      "avg_attempts": 2.758241758241758,
      "fixer_rate": 0.26373626373626374,
      "sast_error_rate": 0.0,
      "target_issue_rate": 0.06593406593406594,
      "off_target_issue_rate": 0.2857142857142857,
      "avg_off_target_issue_count": 0.37362637362637363,
      "avg_loc_nonempty": 38.395604395604394,