{
  "experiment": "exp_0213_1846_vuln__PHASE_ONE_5",
  "overall": {
    "runs": 147,
    "success_rate": 0.48299319727891155,
    "avg_risk": 0.15935181775384807,
    "avg_total_issues": 1.3537414965986394,
    "avg_issue_density": 0.009207305463411702,
    "correlations": {
      "risk_vs_loc_nonempty": {
        "pearson_r": 0.10583444106374905,
        "n": 147
      },
      "risk_vs_cyclomatic_approx": {
        "pearson_r": 0.10605296183653636,
        "n": 147
      },
      "risk_vs_attempts_till_success": {
        "pearson_r": null,
        "n": 147
      },
      "risk_vs_issue_weight_sum": {
        "pearson_r": 0.9275721624554797,
        "n": 147
      },
      "risk_vs_total_issues": {
        "pearson_r": 0.9288023756911906,
        "n": 147
      }
    }
  },
  "by_difficulty": {
    "very easy": {
      "runs": 78,
      "success_rate": 0.5128205128205128,
      "success_rate_ci95": {
        "low": 0.40392509465379506,
        "high": 0.6205123552494326
      },
      "first_attempt_success_rate": 0.5263157894736842,
      "avg_risk": 0.15554290591638606,
      "avg_risk_ci95": {
        "low": 0.10954771358499193,
        "high": 0.20153809824778018
      },
      "median_risk": 0.0,
      "avg_total_issues": 1.294871794871795,
      "median_total_issues": 0.0,
      "avg_total_issues_raw": 1.3076923076923077,
      "median_total_issues_raw": 0.0,
      "avg_false_positive_count": 0.01282051282051282,
      "median_false_positive_count": 0.0,
      "avg_false_positive_rate": 0.013888888888888888,
      "avg_attempts": 1,
      "fixer_rate": 0.0,
      "sast_error_rate": 0.0,
      "target_issue_rate": 0.08974358974358974,
      "off_target_issue_rate": 0.4358974358974359,
      "avg_off_target_issue_count": 1.141025641025641,
      "avg_loc_nonempty": 149.5,
      "avg_issue_density": 0.009845667161629745,
      "avg_cyclomatic_approx": 26.243589743589745,
      "avg_functionality_score": 0.985897435897436,
      "judge_secure_rate": 0.5342465753424658,
      "avg_risk_delta_first_to_final": 0.0,
      "improved_risk_rate": 0.0
    },
    "easy": {
      "runs": 44,
      "success_rate": 0.5,
      "success_rate_ci95": {
        "low": 0.35831521095931473,
        "high": 0.6416847890406853
      },
      "first_attempt_success_rate": 0.5,
      "avg_risk": 0.16075807643127565,
      "avg_risk_ci95": {
        "low": 0.09861808534704336,
        "high": 0.22289806751550795
      },
      "median_risk": 0.06521739130434782,
      "avg_total_issues": 1.4772727272727273,
      "median_total_issues": 0.5,
      "avg_total_issues_raw": 1.5,
      "median_total_issues_raw": 0.5,
      "avg_false_positive_count": 0.022727272727272728,
      "median_false_positive_count": 0.0,
      "avg_false_positive_rate": 0.00505050505050505,
      "avg_attempts": 1,
      "fixer_rate": 0.0,
      "sast_error_rate": 0.0,
      "target_issue_rate": 0.022727272727272728,
      "off_target_issue_rate": 0.5,
      "avg_off_target_issue_count": 1.4545454545454546,
      "avg_loc_nonempty": 165.86363636363637,
      "avg_issue_density": 0.009140279253519042,
      "avg_cyclomatic_approx": 30.363636363636363,
      "avg_functionality_score": 0.9818181818181818,
      "judge_secure_rate": 0.5116279069767442,
      "avg_risk_delta_first_to_final": 0.0,
      "improved_risk_rate": 0.0
    },
    "medium": {
      "runs": 16,
      "success_rate": 0.4375,
      "success_rate_ci95": {
        "low": 0.2309836333518552,
        "high": 0.6682180439322347
      },
      "first_attempt_success_rate": 0.4375,
      "avg_risk": 0.15168594193530255,
      "avg_risk_ci95": {
        "low": 0.05071702938849143,
        "high": 0.25265485448211367
      },
      "median_risk": 0.13043478260869565,
      "avg_total_issues": 1.1875,
      "median_total_issues": 1.0,
      "avg_total_issues_raw": 1.1875,
      "median_total_issues_raw": 1.0,
      "avg_false_positive_count": 0,
      "median_false_positive_count": 0.0,
      "avg_false_positive_rate": 0.0,
      "avg_attempts": 1,
      "fixer_rate": 0.0,
      "sast_error_rate": 0.0,
      "target_issue_rate": 0.125,
      "off_target_issue_rate": 0.5,
      "avg_off_target_issue_count": 0.625,
      "avg_loc_nonempty": 189.375,
      "avg_issue_density": 0.006773019983406439,
      "avg_cyclomatic_approx": 30.125,
      "avg_functionality_score": 0.94375,
      "judge_secure_rate": 0.4,
      "avg_risk_delta_first_to_final": 0.0,
      "improved_risk_rate": 0.0
    },
    "hard": {
      "runs": 8,
      "success_rate": 0.25,
      "success_rate_ci95": {
        "low": 0.07147768885802763,
        "high": 0.5907301208974108
      },
      "first_attempt_success_rate": 0.2857142857142857,
      "avg_risk": 0.18521191085129704,
      "avg_risk_ci95": {
        "low": 0.05306020319705618,
        "high": 0.3173636185055379
      },
      "median_risk": 0.16521739130434782,
      "avg_total_issues": 1.375,
      "median_total_issues": 1.0,
      "avg_total_issues_raw": 1.375,
      "median_total_issues_raw": 1.0,
      "avg_false_positive_count": 0,
      "median_false_positive_count": 0.0,
      "avg_false_positive_rate": 0.0,
      "avg_attempts": 1,
      "fixer_rate": 0.0,
      "sast_error_rate": 0.0,
      "target_issue_rate": 0.0,
      "off_target_issue_rate": 0.625,
      "avg_off_target_issue_count": 1.375,
      "avg_loc_nonempty": 193.75,
      "avg_issue_density": 0.007476399029306046,
      "avg_cyclomatic_approx": 25.375,
      "avg_functionality_score": 0.9625,
      "judge_secure_rate": 0.2857142857142857,
      "avg_risk_delta_first_to_final": 0.0,
      "improved_risk_rate": 0.0
    },
    "very hard": {
      "runs": 1,
      "success_rate": 0.0,
      "success_rate_ci95": {
        "low": 0.0,
        "high": 0.7934567085261071
      },
      "first_attempt_success_rate": 0.0,
      "avg_risk": 0.3103448275862069,
      "avg_risk_ci95": null,
      "median_risk": 0.3103448275862069,
      "avg_total_issues": 3,
      "median_total_issues": 3,
      "avg_total_issues_raw": 3,
      "median_total_issues_raw": 3,
      "avg_false_positive_count": 0,
      "median_false_positive_count": 0,
      "avg_false_positive_rate": 0.0,
      "avg_attempts": 1,
      "fixer_rate": 0.0,
      "sast_error_rate": 0.0,
      "target_issue_rate": 0.0,
      "off_target_issue_rate": 1.0,
      "avg_off_target_issue_count": 3,
      "avg_loc_nonempty": 204,
      "avg_issue_density": 0.014705882352941176,
      "avg_cyclomatic_approx": 57,
      "avg_functionality_score": 1.0,
      "judge_secure_rate": 0.0,
      "avg_risk_delta_first_to_final": 0.0,
      "improved_risk_rate": 0.0
    }
  },
  "by_combo_size": {
    "2": {
      "runs": 67,
      "success_rate": 0.4925373134328358,
      "success_rate_ci95": {
        "low": 0.37651970947161373,
        "high": 0.6093642908897559
      },
      "first_attempt_success_rate": 0.4925373134328358,
      "avg_risk": 0.1599394719961884,
      "avg_risk_ci95": {
        "low": 0.11073946799145847,
        "high": 0.20913947600091837
      },
      "median_risk": 0.09090909090909091,
      "avg_total_issues": 1.3582089552238805,
      "median_total_issues": 1,
      "avg_total_issues_raw": 1.3880597014925373,
      "median_total_issues_raw": 1,
      "avg_false_positive_count": 0.029850746268656716,
      "median_false_positive_count": 0,
      "avg_false_positive_rate": 0.017973856209150325,
      "avg_attempts": 1,
      "fixer_rate": 0.0,
      "sast_error_rate": 0.0,
      "target_issue_rate": 0.08955223880597014,
      "off_target_issue_rate": 0.5074626865671642,
      "avg_off_target_issue_count": 1.1940298507462686,
      "avg_loc_nonempty": 153.83582089552237,
      "avg_issue_density": 0.0094452770087737,
      "avg_cyclomatic_approx": 26.91044776119403,
      "avg_functionality_score": 0.9791044776119403,
      "judge_secure_rate": 0.49206349206349204,
      "avg_risk_delta_first_to_final": 0.0,
      "improved_risk_rate": 0.0
    },
    "3": {
      "runs": 24,