{
  "experiment": "exp_0213_1846_vuln__PHASE_THREE",
  "overall": {
    "runs": 196,
    "success_rate": 0.5816326530612245,
    "avg_risk": 0.12801860908721258,
    "avg_total_issues": 1.066326530612245,
    "avg_issue_density": 0.007337514083121893,
    "correlations": {
      "risk_vs_loc_nonempty": {
        "pearson_r": -0.00837561882311827,
        "n": 196
      },
      "risk_vs_cyclomatic_approx": {
        "pearson_r": -0.0027516402682871022,
        "n": 196
      },
      "risk_vs_attempts_till_success": {
        "pearson_r": -0.09031433172938808,
        "n": 196
      },
      "risk_vs_issue_weight_sum": {
        "pearson_r": 0.9308461684671583,
        "n": 196
      },
      "risk_vs_total_issues": {
        "pearson_r": 0.9302102315186711,
        "n": 196
      }
    }
  },
  "by_difficulty": {
    "very easy": {
      "runs": 78,
      "success_rate": 0.5128205128205128,
      "success_rate_ci95": {
        "low": 0.40392509465379506,
        "high": 0.6205123552494326
      },
      "first_attempt_success_rate": 0.5263157894736842,
      "avg_risk": 0.15554290591638606,
      "avg_risk_ci95": {
        "low": 0.10954771358499193,
        "high": 0.20153809824778018
      },
      "median_risk": 0.0,
      "avg_total_issues": 1.294871794871795,
      "median_total_issues": 0.0,
      "avg_total_issues_raw": 1.3076923076923077,
      "median_total_issues_raw": 0.0,
      "avg_false_positive_count": 0.01282051282051282,
      "median_false_positive_count": 0.0,
      "avg_false_positive_rate": 0.013888888888888888,
      "avg_attempts": 1,
      "fixer_rate": 0.0,
      "sast_error_rate": 0.0,
      "target_issue_rate": 0.08974358974358974,
      "off_target_issue_rate": 0.4358974358974359,
      "avg_off_target_issue_count": 1.141025641025641,
      "avg_loc_nonempty": 149.5,
      "avg_issue_density": 0.009845667161629745,
      "avg_cyclomatic_approx": 26.243589743589745,
      "avg_functionality_score": 0.985897435897436,
      "judge_secure_rate": 0.5342465753424658,
      "avg_risk_delta_first_to_final": 0.0,
      "improved_risk_rate": 0.0
    },
    "easy": {
      "runs": 58,
      "success_rate": 0.603448275862069,
      "success_rate_ci95": {
        "low": 0.4749298280744989,
        "high": 0.7191143104988886
      },
      "first_attempt_success_rate": 0.43103448275862066,
      "avg_risk": 0.12665659716730004,
      "avg_risk_ci95": {
        "low": 0.07629370582768774,
        "high": 0.17701948850691235
      },
      "median_risk": 0.0,
      "avg_total_issues": 1.1379310344827587,
      "median_total_issues": 0.0,
      "avg_total_issues_raw": 1.1551724137931034,
      "median_total_issues_raw": 0.0,
      "avg_false_positive_count": 0.017241379310344827,
      "median_false_positive_count": 0.0,
      "avg_false_positive_rate": 0.004830917874396135,
      "avg_attempts": 1.2413793103448276,
      "fixer_rate": 0.1724137931034483,
      "sast_error_rate": 0.0,
      "target_issue_rate": 0.034482758620689655,
      "off_target_issue_rate": 0.3793103448275862,
      "avg_off_target_issue_count": 1.103448275862069,
      "avg_loc_nonempty": 176.1551724137931,
      "avg_issue_density": 0.007043822653559142,
      "avg_cyclomatic_approx": 31.724137931034484,
      "avg_functionality_score": 0.9862068965517241,
      "judge_secure_rate": 0.6071428571428571,
      "avg_risk_delta_first_to_final": 0.042544708191766485,
      "improved_risk_rate": 0.1724137931034483
    },
    "medium": {
      "runs": 35,
      "success_rate": 0.6571428571428571,
      "success_rate_ci95": {
        "low": 0.4915164687273671,
        "high": 0.7916850471731106
      },
      "first_attempt_success_rate": 0.45714285714285713,
      "avg_risk": 0.10172309726566212,
      "avg_risk_ci95": {
        "low": 0.04068748887798475,
        "high": 0.1627587056533395
      },
      "median_risk": 0.0,
      "avg_total_issues": 0.7428571428571429,
      "median_total_issues": 0,
      "avg_total_issues_raw": 0.7428571428571429,
      "median_total_issues_raw": 0,
      "avg_false_positive_count": 0,
      "median_false_positive_count": 0,
      "avg_false_positive_rate": 0.0,
      "avg_attempts": 1.457142857142857,
      "fixer_rate": 0.22857142857142856,
      "sast_error_rate": 0.0,
      "target_issue_rate": 0.08571428571428572,
      "off_target_issue_rate": 0.2857142857142857,
      "avg_off_target_issue_count": 0.37142857142857144,
      "avg_loc_nonempty": 174.4857142857143,
      "avg_issue_density": 0.0052130863214389965,
      "avg_cyclomatic_approx": 28.885714285714286,
      "avg_functionality_score": 0.9742857142857143,
      "judge_secure_rate": 0.6363636363636364,
      "avg_risk_delta_first_to_final": 0.05798627199753879,
      "improved_risk_rate": 0.22857142857142856
    },
    "hard": {
      "runs": 21,
      "success_rate": 0.6190476190476191,
      "success_rate_ci95": {
        "low": 0.40878295815501514,
        "high": 0.7924923220201749
      },
      "first_attempt_success_rate": 0.4,
      "avg_risk": 0.08297927866798893,
      "avg_risk_ci95": {
        "low": 0.02111417269947221,
        "high": 0.14484438463650565
      },
      "median_risk": 0.0,
      "avg_total_issues": 0.6190476190476191,
      "median_total_issues": 0,
      "avg_total_issues_raw": 0.6190476190476191,
      "median_total_issues_raw": 0,
      "avg_false_positive_count": 0,
      "median_false_positive_count": 0,
      "avg_false_positive_rate": 0.0,
      "avg_attempts": 1.4761904761904763,
      "fixer_rate": 0.23809523809523808,
      "sast_error_rate": 0.0,
      "target_issue_rate": 0.0,
      "off_target_issue_rate": 0.3333333333333333,
      "avg_off_target_issue_count": 0.6190476190476191,
      "avg_loc_nonempty": 218.28571428571428,
      "avg_issue_density": 0.0031081948124464173,
      "avg_cyclomatic_approx": 35.523809523809526,
      "avg_functionality_score": 0.9857142857142858,
      "judge_secure_rate": 0.6470588235294118,
      "avg_risk_delta_first_to_final": 0.08943515138101864,
      "improved_risk_rate": 0.3
    },
    "very hard": {
      "runs": 4,
      "success_rate": 0.75,
      "success_rate_ci95": {
        "low": 0.3006360524426366,
        "high": 0.9544139373553637
      },
      "first_attempt_success_rate": 0.75,
      "avg_risk": 0.07758620689655173,
      "avg_risk_ci95": {
        "low": 0.0,
        "high": 0.22965517241379313
      },
      "median_risk": 0.0,
      "avg_total_issues": 0.75,
      "median_total_issues": 0.0,
      "avg_total_issues_raw": 0.75,
      "median_total_issues_raw": 0.0,
      "avg_false_positive_count": 0,
      "median_false_positive_count": 0.0,
      "avg_false_positive_rate": 0.0,
      "avg_attempts": 1,
      "fixer_rate": 0.0,
      "sast_error_rate": 0.0,
      "target_issue_rate": 0.0,
      "off_target_issue_rate": 0.25,
      "avg_off_target_issue_count": 0.75,
      "avg_loc_nonempty": 201,
      "avg_issue_density": 0.003676470588235294,
      "avg_cyclomatic_approx": 41.5,
      "avg_functionality_score": 1.0,
      "judge_secure_rate": 0.75,
      "avg_risk_delta_first_to_final": 0.0,
      "improved_risk_rate": 0.0
    }
  },
  "by_combo_size": {
    "2": {
      "runs": 68,
      "success_rate": 0.5,
      "success_rate_ci95": {
        "low": 0.3843786388809909,
        "high": 0.6156213611190091
      },
      "first_attempt_success_rate": 0.5,
      "avg_risk": 0.15758742093742095,
      "avg_risk_ci95": {
        "low": 0.10889761324164918,
        "high": 0.20627722863319273
      },
      "median_risk": 0.045454545454545456,
      "avg_total_issues": 1.338235294117647,
      "median_total_issues": 0.5,
      "avg_total_issues_raw": 1.3676470588235294,
      "median_total_issues_raw": 0.5,
      "avg_false_positive_count": 0.029411764705882353,
      "median_false_positive_count": 0.0,
      "avg_false_positive_rate": 0.017973856209150325,
      "avg_attempts": 1,
      "fixer_rate": 0.0,
      "sast_error_rate": 0.0,