{
  "experiment": "exp_0214_1157_vuln__PHASE_TWO_10",
  "overall": {
    "runs": 128,
    "success_rate": 0.8046875,
    "avg_risk": 0.05420624039083577,
    "avg_total_issues": 0.390625,
    "avg_issue_density": 0.0030116278826371346,
    "correlations": {
      "risk_vs_loc_nonempty": {
        "pearson_r": 0.07013208931949724,
        "n": 128
      },
      "risk_vs_cyclomatic_approx": {
        "pearson_r": -0.00815270470902031,
        "n": 128
      },
      "risk_vs_attempts_till_success": {
        "pearson_r": 0.8035180522300539,
        "n": 128
      },
      "risk_vs_issue_weight_sum": {
        "pearson_r": 0.9627020306416562,
        "n": 128
      },
      "risk_vs_total_issues": {
        "pearson_r": 0.975771655860164,
        "n": 128
      }
    }
  },
  "by_difficulty": {
    "very easy": {
      "runs": 45,
      "success_rate": 0.8222222222222222,
      "success_rate_ci95": {
        "low": 0.6866989315634587,
        "high": 0.9070572107414617
      },
      "first_attempt_success_rate": 0.6888888888888889,
      "avg_risk": 0.05162970840390195,
      "avg_risk_ci95": {
        "low": 0.014849465777477637,
        "high": 0.08840995103032626
      },
      "median_risk": 0.0,
      "avg_total_issues": 0.37777777777777777,
      "median_total_issues": 0,
      "avg_total_issues_raw": 0.37777777777777777,
      "median_total_issues_raw": 0,
      "avg_false_positive_count": 0,
      "median_false_positive_count": 0,
      "avg_false_positive_rate": 0.0,
      "avg_attempts": 1.511111111111111,
      "fixer_rate": 0.13333333333333333,
      "sast_error_rate": 0.0,
      "target_issue_rate": 0.022222222222222223,
      "off_target_issue_rate": 0.15555555555555556,
      "avg_off_target_issue_count": 0.28888888888888886,
      "avg_loc_nonempty": 119.6,
      "avg_issue_density": 0.0029424457204823753,
      "avg_cyclomatic_approx": 21.044444444444444,
      "avg_functionality_score": 0.9955555555555555,
      "judge_secure_rate": 0.8222222222222222,
      "avg_risk_delta_first_to_final": 0.032407382955792964,
      "improved_risk_rate": 0.17777777777777778
    },
    "easy": {
      "runs": 28,
      "success_rate": 0.7857142857142857,
      "success_rate_ci95": {
        "low": 0.6046105292072612,
        "high": 0.8978767829881058
      },
      "first_attempt_success_rate": 0.6071428571428571,
      "avg_risk": 0.0442259603750287,
      "avg_risk_ci95": {
        "low": 0.01103471949794451,
        "high": 0.07741720125211288
      },
      "median_risk": 0.0,
      "avg_total_issues": 0.32142857142857145,
      "median_total_issues": 0.0,
      "avg_total_issues_raw": 0.32142857142857145,
      "median_total_issues_raw": 0.0,
      "avg_false_positive_count": 0,
      "median_false_positive_count": 0.0,
      "avg_false_positive_rate": 0.0,
      "avg_attempts": 1.6071428571428572,
      "fixer_rate": 0.17857142857142858,
      "sast_error_rate": 0.0,
      "target_issue_rate": 0.03571428571428571,
      "off_target_issue_rate": 0.17857142857142858,
      "avg_off_target_issue_count": 0.2857142857142857,
      "avg_loc_nonempty": 142.42857142857142,
      "avg_issue_density": 0.003396633743223204,
      "avg_cyclomatic_approx": 26.214285714285715,
      "avg_functionality_score": 0.9839285714285715,
      "judge_secure_rate": 0.7857142857142857,
      "avg_risk_delta_first_to_final": 0.06795099667235027,
      "improved_risk_rate": 0.2857142857142857
    },
    "medium": {
      "runs": 20,
      "success_rate": 0.7,
      "success_rate_ci95": {
        "low": 0.4810232237710206,
        "high": 0.854524726031006
      },
      "first_attempt_success_rate": 0.65,
      "avg_risk": 0.09108411055018396,
      "avg_risk_ci95": {
        "low": 0.026935375172789017,
        "high": 0.1552328459275789
      },
      "median_risk": 0.0,
      "avg_total_issues": 0.65,
      "median_total_issues": 0.0,
      "avg_total_issues_raw": 0.65,
      "median_total_issues_raw": 0.0,
      "avg_false_positive_count": 0,
      "median_false_positive_count": 0.0,
      "avg_false_positive_rate": 0.0,
      "avg_attempts": 1.65,
      "fixer_rate": 0.05,
      "sast_error_rate": 0.0,
      "target_issue_rate": 0.15,
      "off_target_issue_rate": 0.2,
      "avg_off_target_issue_count": 0.4,
      "avg_loc_nonempty": 168.75,
      "avg_issue_density": 0.005410989451035218,
      "avg_cyclomatic_approx": 33.9,
      "avg_functionality_score": 0.98,
      "judge_secure_rate": 0.7,
      "avg_risk_delta_first_to_final": 0.014632012352032939,
      "improved_risk_rate": 0.1
    },
    "hard": {
      "runs": 15,
      "success_rate": 0.8666666666666667,
      "success_rate_ci95": {
        "low": 0.6211750079348376,
        "high": 0.9626395301086407
      },
      "first_attempt_success_rate": 0.6666666666666666,
      "avg_risk": 0.037606837606837605,
      "avg_risk_ci95": {
        "low": 0.0,
        "high": 0.08878023817782739
      },
      "median_risk": 0.0,
      "avg_total_issues": 0.26666666666666666,
      "median_total_issues": 0,
      "avg_total_issues_raw": 0.26666666666666666,
      "median_total_issues_raw": 0,
      "avg_false_positive_count": 0,
      "median_false_positive_count": 0,
      "avg_false_positive_rate": 0.0,
      "avg_attempts": 1.4666666666666666,
      "fixer_rate": 0.2,
      "sast_error_rate": 0.0,
      "target_issue_rate": 0.0,
      "off_target_issue_rate": 0.13333333333333333,
      "avg_off_target_issue_count": 0.26666666666666666,
      "avg_loc_nonempty": 215.93333333333334,
      "avg_issue_density": 0.0010390480978716274,
      "avg_cyclomatic_approx": 38.6,
      "avg_functionality_score": 0.9666666666666667,
      "judge_secure_rate": 0.8666666666666667,
      "avg_risk_delta_first_to_final": 0.03277591973244147,
      "improved_risk_rate": 0.2
    },
    "very hard": {
      "runs": 20,
      "success_rate": 0.85,
      "success_rate_ci95": {
        "low": 0.6395767041130426,
        "high": 0.9476322080405041
      },
      "first_attempt_success_rate": 0.7,
      "avg_risk": 0.0495475113122172,
      "avg_risk_ci95": {
        "low": 0.0,
        "high": 0.10797553148654604
      },
      "median_risk": 0.0,
      "avg_total_issues": 0.35,
      "median_total_issues": 0.0,
      "avg_total_issues_raw": 0.35,
      "median_total_issues_raw": 0.0,
      "avg_false_positive_count": 0,
      "median_false_positive_count": 0.0,
      "avg_false_positive_rate": 0.0,
      "avg_attempts": 1.5,
      "fixer_rate": 0.15,
      "sast_error_rate": 0.0,
      "target_issue_rate": 0.05,
      "off_target_issue_rate": 0.1,
      "avg_off_target_issue_count": 0.2,
      "avg_loc_nonempty": 272.55,
      "avg_issue_density": 0.0017083528128408914,
      "avg_cyclomatic_approx": 56.7,
      "avg_functionality_score": 0.9725,
      "judge_secure_rate": 0.85,
      "avg_risk_delta_first_to_final": 0.036824769433465084,
      "improved_risk_rate": 0.15
    }
  },
  "by_combo_size": {
    "2": {
      "runs": 51,
      "success_rate": 0.7254901960784313,
      "success_rate_ci95": {
        "low": 0.5905308805092127,
        "high": 0.8288587798945684
      },
      "first_attempt_success_rate": 0.6274509803921569,
      "avg_risk": 0.0698301197156134,
      "avg_risk_ci95": {
        "low": 0.03727903517502723,
        "high": 0.10238120425619956
      },
      "median_risk": 0.0,
      "avg_total_issues": 0.5294117647058824,
      "median_total_issues": 0,
      "avg_total_issues_raw": 0.5294117647058824,
      "median_total_issues_raw": 0,
      "avg_false_positive_count": 0,
      "median_false_positive_count": 0,
      "avg_false_positive_rate": 0.0,
      "avg_attempts": 1.6666666666666667,
      "fixer_rate": 0.09803921568627451,
      "sast_error_rate": 0.0,
      "target_issue_rate": 0.058823529411764705,
      "off_target_issue_rate": 0.21568627450980393,
      "avg_off_target_issue_count": 0.43137254901960786,
      "avg_loc_nonempty": 119.74509803921569,
      "avg_issue_density": 0.005387363573026791,