{
  "experiment": "exp_0212_2358_vuln__PHASE_THREE",
  "overall": {
    "runs": 49,
    "success_rate": 0.5510204081632653,
    "avg_risk": 0.15440976257302788,
    "avg_total_issues": 1.1020408163265305,
    "avg_issue_density": 0.027148943262873346,
    "correlations": {
      "risk_vs_loc_nonempty": {
        "pearson_r": 0.13238144807086077,
        "n": 49
      },
      "risk_vs_cyclomatic_approx": {
        "pearson_r": 0.08777695182023078,
        "n": 49
      },
      "risk_vs_attempts_till_success": {
        "pearson_r": 0.20217793902750597,
        "n": 49
      },
      "risk_vs_issue_weight_sum": {
        "pearson_r": 0.9338727685855039,
        "n": 49
      },
      "risk_vs_total_issues": {
        "pearson_r": 0.9587218033718722,
        "n": 49
      }
    }
  },
  "by_difficulty": {
    "very easy": {
      "runs": 36,
      "success_rate": 0.6666666666666666,
      "success_rate_ci95": {
        "low": 0.5033369709296683,
        "high": 0.7978557522541395
      },
      "first_attempt_success_rate": 0.5555555555555556,
      "avg_risk": 0.10409652076318743,
      "avg_risk_ci95": {
        "low": 0.04939148141235877,
        "high": 0.15880156011401608
      },
      "median_risk": 0.0,
      "avg_total_issues": 0.75,
      "median_total_issues": 0.0,
      "avg_total_issues_raw": 0.75,
      "median_total_issues_raw": 0.0,
      "avg_false_positive_count": 0,
      "median_false_positive_count": 0.0,
      "avg_false_positive_rate": 0.0,
      "avg_attempts": 1.3611111111111112,
      "fixer_rate": 0.1111111111111111,
      "sast_error_rate": 0.0,
      "target_issue_rate": 0.0,
      "off_target_issue_rate": 0.3333333333333333,
      "avg_off_target_issue_count": 0.75,
      "avg_loc_nonempty": 40.888888888888886,
      "avg_issue_density": 0.020273453112594205,
      "avg_cyclomatic_approx": 8.11111111111111,
      "avg_functionality_score": 0.9694444444444444,
      "judge_secure_rate": 0.6666666666666666,
      "avg_risk_delta_first_to_final": 0.034592490842490844,
      "improved_risk_rate": 0.1111111111111111
    },
    "easy": {
      "runs": 6,
      "success_rate": 0.16666666666666666,
      "success_rate_ci95": {
        "low": 0.03005258587173032,
        "high": 0.563509436563646
      },
      "first_attempt_success_rate": 0.16666666666666666,
      "avg_risk": 0.35347985347985345,
      "avg_risk_ci95": {
        "low": 0.16339546745330683,
        "high": 0.5435642395064001
      },
      "median_risk": 0.38095238095238093,
      "avg_total_issues": 2.5,
      "median_total_issues": 2.5,
      "avg_total_issues_raw": 2.5,
      "median_total_issues_raw": 2.5,
      "avg_false_positive_count": 0,
      "median_false_positive_count": 0.0,
      "avg_false_positive_rate": 0.0,
      "avg_attempts": 1,
      "fixer_rate": 0.0,
      "sast_error_rate": 0.0,
      "target_issue_rate": 0.3333333333333333,
      "off_target_issue_rate": 0.6666666666666666,
      "avg_off_target_issue_count": 1.3333333333333333,
      "avg_loc_nonempty": 44.833333333333336,
      "avg_issue_density": 0.05719047674985727,
      "avg_cyclomatic_approx": 8.333333333333334,
      "avg_functionality_score": 0.8833333333333333,
      "judge_secure_rate": 0.16666666666666666,
      "avg_risk_delta_first_to_final": 0.0,
      "improved_risk_rate": 0.0
    },
    "medium": {
      "runs": 7,
      "success_rate": 0.2857142857142857,
      "success_rate_ci95": {
        "low": 0.0822171657090155,
        "high": 0.6410709098517873
      },
      "first_attempt_success_rate": 0.14285714285714285,
      "avg_risk": 0.24253207110349967,
      "avg_risk_ci95": {
        "low": 0.10135816229409986,
        "high": 0.38370597991289945
      },
      "median_risk": 0.23076923076923078,
      "avg_total_issues": 1.7142857142857142,
      "median_total_issues": 2,
      "avg_total_issues_raw": 1.7142857142857142,
      "median_total_issues_raw": 2,
      "avg_false_positive_count": 0,
      "median_false_positive_count": 0,
      "avg_false_positive_rate": 0.0,
      "avg_attempts": 2.2857142857142856,
      "fixer_rate": 0.14285714285714285,
      "sast_error_rate": 0.0,
      "target_issue_rate": 0.14285714285714285,
      "off_target_issue_rate": 0.5714285714285714,
      "avg_off_target_issue_count": 1.4285714285714286,
      "avg_loc_nonempty": 60,
      "avg_issue_density": 0.03675872104689415,
      "avg_cyclomatic_approx": 11.857142857142858,
      "avg_functionality_score": 0.9,
      "judge_secure_rate": 0.2857142857142857,
      "avg_risk_delta_first_to_final": 0.028015507278180092,
      "improved_risk_rate": 0.2857142857142857
    }
  },
  "by_combo_size": {
    "2": {
      "runs": 32,
      "success_rate": 0.59375,
      "success_rate_ci95": {
        "low": 0.4225972657298823,
        "high": 0.744805975196862
      },
      "first_attempt_success_rate": 0.5625,
      "avg_risk": 0.13358585858585859,
      "avg_risk_ci95": {
        "low": 0.06944179696712087,
        "high": 0.1977299202045963
      },
      "median_risk": 0.0,
      "avg_total_issues": 0.96875,
      "median_total_issues": 0.0,
      "avg_total_issues_raw": 0.96875,
      "median_total_issues_raw": 0.0,
      "avg_false_positive_count": 0,
      "median_false_positive_count": 0.0,
      "avg_false_positive_rate": 0.0,
      "avg_attempts": 1.15625,
      "fixer_rate": 0.03125,
      "sast_error_rate": 0.0,
      "target_issue_rate": 0.03125,
      "off_target_issue_rate": 0.40625,
      "avg_off_target_issue_count": 0.9375,
      "avg_loc_nonempty": 28.90625,
      "avg_issue_density": 0.02968636886107693,
      "avg_cyclomatic_approx": 6.625,
      "avg_functionality_score": 0.9625,
      "judge_secure_rate": 0.59375,
      "avg_risk_delta_first_to_final": 0.008928571428571428,
      "improved_risk_rate": 0.03125
    },
    "4": {
      "runs": 17,
      "success_rate": 0.47058823529411764,
      "success_rate_ci95": {
        "low": 0.26164801196088106,
        "high": 0.6903710268845051
      },
      "first_attempt_success_rate": 0.23529411764705882,
      "avg_risk": 0.19360769949005244,
      "avg_risk_ci95": {
        "low": 0.0898386067994441,
        "high": 0.29737679218066077
      },
      "median_risk": 0.2,
      "avg_total_issues": 1.3529411764705883,
      "median_total_issues": 1,
      "avg_total_issues_raw": 1.3529411764705883,
      "median_total_issues_raw": 1,
      "avg_false_positive_count": 0,
      "median_false_positive_count": 0,
      "avg_false_positive_rate": 0.0,
      "avg_attempts": 2,
      "fixer_rate": 0.23529411764705882,
      "sast_error_rate": 0.0,
      "target_issue_rate": 0.11764705882352941,
      "off_target_issue_rate": 0.4117647058823529,
      "avg_off_target_issue_count": 0.8823529411764706,
      "avg_loc_nonempty": 72.70588235294117,
      "avg_issue_density": 0.022372612725078365,
      "avg_cyclomatic_approx": 12.529411764705882,
      "avg_functionality_score": 0.9235294117647059,
      "judge_secure_rate": 0.47058823529411764,
      "avg_risk_delta_first_to_final": 0.06798376091544972,
      "improved_risk_rate": 0.29411764705882354
    }
  }
}