{
  "experiment": "exp_0421_2309_vuln__PHASE_ONE_5",
  "overall": {
    "runs": 171,
    "success_rate": 0.5497076023391813,
    "avg_risk": 0.11001212148057025,
    "avg_total_issues": 0.6374269005847953,
    "avg_issue_density": 0.021915446348963998,
    "correlations": {
      "risk_vs_loc_nonempty": {
        "pearson_r": -0.3145617812473254,
        "n": 171
      },
      "risk_vs_cyclomatic_approx": {
        "pearson_r": -0.15289731333092746,
        "n": 171
      },
      "risk_vs_attempts_till_success": {
        "pearson_r": -0.029804787217631596,
        "n": 171
      },
      "risk_vs_issue_weight_sum": {
        "pearson_r": 0.48343608036279134,
        "n": 171
      },
      "risk_vs_total_issues": {
        "pearson_r": 0.38426340684079396,
        "n": 171
      }
    }
  },
  "by_axis": {
    "Unknown": {
      "runs": 171,
      "success_rate": 0.5497076023391813,
      "success_rate_ci95": {
        "low": 0.47485992004894606,
        "high": 0.6223709449168287
      },
      "first_attempt_success_rate": 0.3393939393939394,
      "avg_risk": 0.11001212148057025,
      "avg_risk_ci95": {
        "low": 0.07849889069289692,
        "high": 0.1415253522682436
      },
      "median_risk": 0.0,
      "avg_total_issues": 0.6374269005847953,
      "median_total_issues": 0,
      "avg_total_issues_raw": 0.8245614035087719,
      "median_total_issues_raw": 0,
      "avg_false_positive_count": 0.1871345029239766,
      "median_false_positive_count": 0,
      "avg_false_positive_rate": 0.2100877192982456,
      "avg_attempts": 2.0584795321637426,
      "fixer_rate": 0.2222222222222222,
      "sast_error_rate": 0.0,
      "target_issue_rate": 0.1111111111111111,
      "off_target_issue_rate": 0.27485380116959063,
      "avg_off_target_issue_count": 0.391812865497076,
      "avg_loc_nonempty": 36.07602339181287,
      "avg_issue_density": 0.021915446348963998,
      "avg_cyclomatic_approx": 5.847560975609756,
      "avg_functionality_score": 0.7076023391812866,
      "judge_secure_rate": 0.5802469135802469,
      "avg_risk_delta_first_to_final": 0.1264275175589711,
      "improved_risk_rate": 0.4121212121212121
    }
  },
  "by_difficulty": {
    "unknown": {
      "runs": 171,
      "success_rate": 0.5497076023391813,
      "success_rate_ci95": {
        "low": 0.47485992004894606,
        "high": 0.6223709449168287
      },
      "first_attempt_success_rate": 0.3393939393939394,
      "avg_risk": 0.11001212148057025,
      "avg_risk_ci95": {
        "low": 0.07849889069289692,
        "high": 0.1415253522682436
      },
      "median_risk": 0.0,
      "avg_total_issues": 0.6374269005847953,
      "median_total_issues": 0,
      "avg_total_issues_raw": 0.8245614035087719,
      "median_total_issues_raw": 0,
      "avg_false_positive_count": 0.1871345029239766,
      "median_false_positive_count": 0,
      "avg_false_positive_rate": 0.2100877192982456,
      "avg_attempts": 2.0584795321637426,
      "fixer_rate": 0.2222222222222222,
      "sast_error_rate": 0.0,
      "target_issue_rate": 0.1111111111111111,
      "off_target_issue_rate": 0.27485380116959063,
      "avg_off_target_issue_count": 0.391812865497076,
      "avg_loc_nonempty": 36.07602339181287,
      "avg_issue_density": 0.021915446348963998,
      "avg_cyclomatic_approx": 5.847560975609756,
      "avg_functionality_score": 0.7076023391812866,
      "judge_secure_rate": 0.5802469135802469,
      "avg_risk_delta_first_to_final": 0.1264275175589711,
      "improved_risk_rate": 0.4121212121212121
    }
  },
  "by_combo_size": {
    "1": {
      "runs": 26,
      "success_rate": 0.5,
      "success_rate_ci95": {
        "low": 0.32060306315002074,
        "high": 0.6793969368499793
      },
      "first_attempt_success_rate": 0.44,
      "avg_risk": 0.11773210067524449,
      "avg_risk_ci95": {
        "low": 0.03764139975849873,
        "high": 0.19782280159199025
      },
      "median_risk": 0.023809523809523808,
      "avg_total_issues": 0.6153846153846154,
      "median_total_issues": 0.0,
      "avg_total_issues_raw": 0.7307692307692307,
      "median_total_issues_raw": 0.5,
      "avg_false_positive_count": 0.11538461538461539,
      "median_false_positive_count": 0.0,
      "avg_false_positive_rate": 0.15384615384615385,
      "avg_attempts": 2,
      "fixer_rate": 0.07692307692307693,
      "sast_error_rate": 0.0,
      "target_issue_rate": 0.0,
      "off_target_issue_rate": 0.46153846153846156,
      "avg_off_target_issue_count": 0.6153846153846154,
      "avg_loc_nonempty": 28.192307692307693,
      "avg_issue_density": 0.028727896570607567,
      "avg_cyclomatic_approx": 4.653846153846154,
      "avg_functionality_score": 0.6961538461538461,
      "judge_secure_rate": 0.52,
      "avg_risk_delta_first_to_final": 0.05125014116318464,
      "improved_risk_rate": 0.28
    },
    "2": {
      "runs": 25,
      "success_rate": 0.68,
      "success_rate_ci95": {
        "low": 0.4840991373457672,
        "high": 0.8279501248310885
      },
      "first_attempt_success_rate": 0.48,
      "avg_risk": 0.06805843852267415,
      "avg_risk_ci95": {
        "low": 0.013729280668921533,
        "high": 0.12238759637642677
      },
      "median_risk": 0.0,
      "avg_total_issues": 0.64,
      "median_total_issues": 0,
      "avg_total_issues_raw": 0.76,
      "median_total_issues_raw": 0,
      "avg_false_positive_count": 0.12,
      "median_false_positive_count": 0,
      "avg_false_positive_rate": 0.25,
      "avg_attempts": 1.84,
      "fixer_rate": 0.2,
      "sast_error_rate": 0.0,
      "target_issue_rate": 0.04,
      "off_target_issue_rate": 0.24,
      "avg_off_target_issue_count": 0.48,
      "avg_loc_nonempty": 35.04,
      "avg_issue_density": 0.019249628811137832,
      "avg_cyclomatic_approx": 5.958333333333333,
      "avg_functionality_score": 0.72,
      "judge_secure_rate": 0.68,
      "avg_risk_delta_first_to_final": 0.10473463515178573,
      "improved_risk_rate": 0.4
    },
    "3": {
      "runs": 22,
      "success_rate": 0.45454545454545453,
      "success_rate_ci95": {
        "low": 0.26920014432004846,
        "high": 0.6534052671095845
      },
      "first_attempt_success_rate": 0.23809523809523808,
      "avg_risk": 0.1394366100661797,
      "avg_risk_ci95": {
        "low": 0.043144274556144765,
        "high": 0.2357289455762146
      },
      "median_risk": 0.03225806451612903,
      "avg_total_issues": 0.6818181818181818,
      "median_total_issues": 0.5,
      "avg_total_issues_raw": 1,
      "median_total_issues_raw": 0.5,
      "avg_false_positive_count": 0.3181818181818182,
      "median_false_positive_count": 0.0,
      "avg_false_positive_rate": 0.2878787878787879,
      "avg_attempts": 2.272727272727273,
      "fixer_rate": 0.22727272727272727,
      "sast_error_rate": 0.0,
      "target_issue_rate": 0.13636363636363635,
      "off_target_issue_rate": 0.36363636363636365,
      "avg_off_target_issue_count": 0.5,
      "avg_loc_nonempty": 40.31818181818182,
      "avg_issue_density": 0.01863086723736792,
      "avg_cyclomatic_approx": 6.409090909090909,
      "avg_functionality_score": 0.7363636363636363,
      "judge_secure_rate": 0.47619047619047616,
      "avg_risk_delta_first_to_final": 0.08431385066683371,
      "improved_risk_rate": 0.3333333333333333
    },
    "4": {
      "runs": 98,
      "success_rate": 0.5510204081632653,
      "success_rate_ci95": {
        "low": 0.45247368335883686,
        "high": 0.6457180182640755
      },
      "first_attempt_success_rate": 0.2978723404255319,
      "avg_risk": 0.11206093643977909,
      "avg_risk_ci95": {
        "low": 0.06807123662601518,
        "high": 0.15605063625354298
      },
      "median_risk": 0.0,
      "avg_total_issues": 0.6326530612244898,
      "median_total_issues": 0.0,
      "avg_total_issues_raw": 0.826530612244898,
      "median_total_issues_raw": 0.0,
      "avg_false_positive_count": 0.19387755102040816,
      "median_false_positive_count": 0.0,