{
  "experiment": "0209_0006_PHASE_THREE",
  "overall": {
    "runs": 256,
    "success_rate": 0.71484375,
    "avg_risk": 0.10236309309119411,
    "avg_total_issues": 0.6796875,
    "avg_issue_density": 0.019513063862222856,
    "correlations": {
      "risk_vs_loc_nonempty": {
        "pearson_r": -0.07362816135832238,
        "n": 256
      },
      "risk_vs_cyclomatic_approx": {
        "pearson_r": -0.06176849540652545,
        "n": 256
      },
      "risk_vs_attempts_till_success": {
        "pearson_r": 0.7304256405831647,
        "n": 256
      },
      "risk_vs_issue_weight_sum": {
        "pearson_r": 0.9645303741644148,
        "n": 256
      },
      "risk_vs_total_issues": {
        "pearson_r": 0.9380849296501833,
        "n": 256
      }
    }
  },
  "by_difficulty": {
    "very easy": {
      "runs": 60,
      "success_rate": 0.7166666666666667,
      "success_rate_ci95": {
        "low": 0.5923247495026482,
        "high": 0.8149332139569141
      },
      "first_attempt_success_rate": 0.45,
      "avg_risk": 0.10606435811039391,
      "avg_risk_ci95": {
        "low": 0.060550047730094626,
        "high": 0.1515786684906932
      },
      "median_risk": 0.0,
      "avg_total_issues": 0.65,
      "median_total_issues": 0.0,
      "avg_total_issues_raw": 0.65,
      "median_total_issues_raw": 0.0,
      "avg_false_positive_count": 0,
      "median_false_positive_count": 0.0,
      "avg_false_positive_rate": 0.0,
      "avg_attempts": 1.85,
      "fixer_rate": 0.26666666666666666,
      "sast_error_rate": 0.0,
      "target_issue_rate": 0.1,
      "off_target_issue_rate": 0.21666666666666667,
      "avg_off_target_issue_count": 0.4666666666666667,
      "avg_loc_nonempty": 32.61666666666667,
      "avg_issue_density": 0.021831113225514127,
      "avg_cyclomatic_approx": 7.333333333333333,
      "avg_functionality_score": 0.9766666666666667,
      "judge_secure_rate": 0.85,
      "avg_risk_delta_first_to_final": 0.08958382693605689,
      "improved_risk_rate": 0.38333333333333336
    },
    "easy": {
      "runs": 48,
      "success_rate": 0.7083333333333334,
      "success_rate_ci95": {
        "low": 0.5682047226383247,
        "high": 0.8175858393813662
      },
      "first_attempt_success_rate": 0.4375,
      "avg_risk": 0.10103183853183853,
      "avg_risk_ci95": {
        "low": 0.05258910340466268,
        "high": 0.14947457365901437
      },
      "median_risk": 0.0,
      "avg_total_issues": 0.6458333333333334,
      "median_total_issues": 0.0,
      "avg_total_issues_raw": 0.6458333333333334,
      "median_total_issues_raw": 0.0,
      "avg_false_positive_count": 0,
      "median_false_positive_count": 0.0,
      "avg_false_positive_rate": 0.0,
      "avg_attempts": 1.9166666666666667,
      "fixer_rate": 0.2916666666666667,
      "sast_error_rate": 0.0,
      "target_issue_rate": 0.0625,
      "off_target_issue_rate": 0.22916666666666666,
      "avg_off_target_issue_count": 0.5416666666666666,
      "avg_loc_nonempty": 39.354166666666664,
      "avg_issue_density": 0.01958478920346284,
      "avg_cyclomatic_approx": 7.145833333333333,
      "avg_functionality_score": 0.9791666666666666,
      "judge_secure_rate": 0.8541666666666666,
      "avg_risk_delta_first_to_final": 0.07383687814964113,
      "improved_risk_rate": 0.4375
    },
    "medium": {
      "runs": 31,
      "success_rate": 0.8387096774193549,
      "success_rate_ci95": {
        "low": 0.6736529727502113,
        "high": 0.9290748009456006
      },
      "first_attempt_success_rate": 0.4838709677419355,
      "avg_risk": 0.047737209027531605,
      "avg_risk_ci95": {
        "low": 0.0030617167872241183,
        "high": 0.0924127012678391
      },
      "median_risk": 0.0,
      "avg_total_issues": 0.2903225806451613,
      "median_total_issues": 0,
      "avg_total_issues_raw": 0.2903225806451613,
      "median_total_issues_raw": 0,
      "avg_false_positive_count": 0,
      "median_false_positive_count": 0,
      "avg_false_positive_rate": 0.0,
      "avg_attempts": 1.7096774193548387,
      "fixer_rate": 0.3548387096774194,
      "sast_error_rate": 0.0,
      "target_issue_rate": 0.06451612903225806,
      "off_target_issue_rate": 0.0967741935483871,
      "avg_off_target_issue_count": 0.16129032258064516,
      "avg_loc_nonempty": 43.774193548387096,
      "avg_issue_density": 0.008243727598566309,
      "avg_cyclomatic_approx": 8.966666666666667,
      "avg_functionality_score": 0.9806451612903225,
      "judge_secure_rate": 0.8709677419354839,
      "avg_risk_delta_first_to_final": 0.07871039666271083,
      "improved_risk_rate": 0.4838709677419355
    },
    "hard": {
      "runs": 66,
      "success_rate": 0.7121212121212122,
      "success_rate_ci95": {
        "low": 0.5936252235584776,
        "high": 0.8072819721529609
      },
      "first_attempt_success_rate": 0.36363636363636365,
      "avg_risk": 0.1278385341440445,
      "avg_risk_ci95": {
        "low": 0.07620116543456057,
        "high": 0.17947590285352844
      },
      "median_risk": 0.0,
      "avg_total_issues": 0.9696969696969697,
      "median_total_issues": 0.0,
      "avg_total_issues_raw": 0.9696969696969697,
      "median_total_issues_raw": 0.0,
      "avg_false_positive_count": 0,
      "median_false_positive_count": 0.0,
      "avg_false_positive_rate": 0.0,
      "avg_attempts": 1.9696969696969697,
      "fixer_rate": 0.3484848484848485,
      "sast_error_rate": 0.0,
      "target_issue_rate": 0.09090909090909091,
      "off_target_issue_rate": 0.24242424242424243,
      "avg_off_target_issue_count": 0.7878787878787878,
      "avg_loc_nonempty": 51.77272727272727,
      "avg_issue_density": 0.025406372415589133,
      "avg_cyclomatic_approx": 9.636363636363637,
      "avg_functionality_score": 0.956060606060606,
      "judge_secure_rate": 0.7727272727272727,
      "avg_risk_delta_first_to_final": 0.10033618890957084,
      "improved_risk_rate": 0.48484848484848486
    },
    "very hard": {
      "runs": 51,
      "success_rate": 0.6470588235294118,
      "success_rate_ci95": {
        "low": 0.5098580497281073,
        "high": 0.7636569461874021
      },
      "first_attempt_success_rate": 0.39215686274509803,
      "avg_risk": 0.09949736003594888,
      "avg_risk_ci95": {
        "low": 0.055351153533055045,
        "high": 0.1436435665388427
      },
      "median_risk": 0.0,
      "avg_total_issues": 0.6078431372549019,
      "median_total_issues": 0,
      "avg_total_issues_raw": 0.6078431372549019,
      "median_total_issues_raw": 0,
      "avg_false_positive_count": 0,
      "median_false_positive_count": 0,
      "avg_false_positive_rate": 0.0,
      "avg_attempts": 2.019607843137255,
      "fixer_rate": 0.2549019607843137,
      "sast_error_rate": 0.0,
      "target_issue_rate": 0.1568627450980392,
      "off_target_issue_rate": 0.17647058823529413,
      "avg_off_target_issue_count": 0.27450980392156865,
      "avg_loc_nonempty": 43.568627450980394,
      "avg_issue_density": 0.01594179487152057,
      "avg_cyclomatic_approx": 7.612244897959184,
      "avg_functionality_score": 0.9568627450980393,
      "judge_secure_rate": 0.7450980392156863,
      "avg_risk_delta_first_to_final": 0.08962878028750301,
      "improved_risk_rate": 0.49019607843137253
    }
  },
  "by_combo_size": {
    "2": {
      "runs": 121,
      "success_rate": 0.6859504132231405,
      "success_rate_ci95": {
        "low": 0.5986092903996338,
        "high": 0.7618474804203492
      },
      "first_attempt_success_rate": 0.4462809917355372,
      "avg_risk": 0.11311933991902709,
      "avg_risk_ci95": {
        "low": 0.0803009857555163,
        "high": 0.14593769408253787
      },
      "median_risk": 0.0,
      "avg_total_issues": 0.7107438016528925,
      "median_total_issues": 0,
      "avg_total_issues_raw": 0.7107438016528925,
      "median_total_issues_raw": 0,
      "avg_false_positive_count": 0,
      "median_false_positive_count": 0,
      "avg_false_positive_rate": 0.0,