{
  "experiment": "exp_0213_1535_vuln__PHASE_ONE_5",
  "overall": {
    "runs": 16,
    "success_rate": 0.375,
    "avg_risk": 0.23157452938765988,
    "avg_total_issues": 2.3125,
    "avg_issue_density": 0.014636045235598949,
    "correlations": {
      "risk_vs_loc_nonempty": {
        "pearson_r": 0.03925503665959958,
        "n": 16
      },
      "risk_vs_cyclomatic_approx": {
        "pearson_r": -0.02590967981579029,
        "n": 16
      },
      "risk_vs_attempts_till_success": {
        "pearson_r": null,
        "n": 16
      },
      "risk_vs_issue_weight_sum": {
        "pearson_r": 0.9417152846901442,
        "n": 16
      },
      "risk_vs_total_issues": {
        "pearson_r": 0.9355807704848359,
        "n": 16
      }
    }
  },
  "by_difficulty": {
    "very easy": {
      "runs": 13,
      "success_rate": 0.38461538461538464,
      "success_rate_ci95": {
        "low": 0.17709446581236818,
        "high": 0.6447751902773146
      },
      "first_attempt_success_rate": 0.38461538461538464,
      "avg_risk": 0.23739575778114916,
      "avg_risk_ci95": {
        "low": 0.08590432523890151,
        "high": 0.3888871903233968
      },
      "median_risk": 0.2,
      "avg_total_issues": 2.5384615384615383,
      "median_total_issues": 1,
      "avg_total_issues_raw": 2.5384615384615383,
      "median_total_issues_raw": 1,
      "avg_false_positive_count": 0,
      "median_false_positive_count": 0,
      "avg_false_positive_rate": 0.0,
      "avg_attempts": 1,
      "fixer_rate": 0.0,
      "sast_error_rate": 0.0,
      "target_issue_rate": 0.15384615384615385,
      "off_target_issue_rate": 0.6153846153846154,
      "avg_off_target_issue_count": 1.9230769230769231,
      "avg_loc_nonempty": 155.76923076923077,
      "avg_issue_density": 0.015501357110610422,
      "avg_cyclomatic_approx": 23.923076923076923,
      "avg_functionality_score": 0.9461538461538461,
      "judge_secure_rate": 0.38461538461538464,
      "avg_risk_delta_first_to_final": 0.0,
      "improved_risk_rate": 0.0
    },
    "easy": {
      "runs": 2,
      "success_rate": 0.5,
      "success_rate_ci95": {
        "low": 0.09452865480086614,
        "high": 0.9054713451991339
      },
      "first_attempt_success_rate": 0.5,
      "avg_risk": 0.16666666666666666,
      "avg_risk_ci95": {
        "low": 0.0,
        "high": 0.4933333333333333
      },
      "median_risk": 0.16666666666666666,
      "avg_total_issues": 1,
      "median_total_issues": 1.0,
      "avg_total_issues_raw": 1,
      "median_total_issues_raw": 1.0,
      "avg_false_positive_count": 0,
      "median_false_positive_count": 0.0,
      "avg_false_positive_rate": 0.0,
      "avg_attempts": 1,
      "fixer_rate": 0.0,
      "sast_error_rate": 0.0,
      "target_issue_rate": 0.0,
      "off_target_issue_rate": 0.5,
      "avg_off_target_issue_count": 1,
      "avg_loc_nonempty": 172.5,
      "avg_issue_density": 0.011904761904761904,
      "avg_cyclomatic_approx": 37,
      "avg_functionality_score": 1.0,
      "judge_secure_rate": 0.5,
      "avg_risk_delta_first_to_final": 0.0,
      "improved_risk_rate": 0.0
    },
    "medium": {
      "runs": 1,
      "success_rate": 0.0,
      "success_rate_ci95": {
        "low": 0.0,
        "high": 0.7934567085261071
      },
      "first_attempt_success_rate": 0.0,
      "avg_risk": 0.2857142857142857,
      "avg_risk_ci95": null,
      "median_risk": 0.2857142857142857,
      "avg_total_issues": 2,
      "median_total_issues": 2,
      "avg_total_issues_raw": 2,
      "median_total_issues_raw": 2,
      "avg_false_positive_count": 0,
      "median_false_positive_count": 0,
      "avg_false_positive_rate": 0.0,
      "avg_attempts": 1,
      "fixer_rate": 0.0,
      "sast_error_rate": 0.0,
      "target_issue_rate": 0.0,
      "off_target_issue_rate": 1.0,
      "avg_off_target_issue_count": 2,
      "avg_loc_nonempty": 226,
      "avg_issue_density": 0.008849557522123894,
      "avg_cyclomatic_approx": 53,
      "avg_functionality_score": 0.8,
      "judge_secure_rate": 0.0,
      "avg_risk_delta_first_to_final": 0.0,
      "improved_risk_rate": 0.0
    }
  },
  "by_combo_size": {
    "2": {
      "runs": 13,
      "success_rate": 0.38461538461538464,
      "success_rate_ci95": {
        "low": 0.17709446581236818,
        "high": 0.6447751902773146
      },
      "first_attempt_success_rate": 0.38461538461538464,
      "avg_risk": 0.21158394178528406,
      "avg_risk_ci95": {
        "low": 0.08352661164783062,
        "high": 0.3396412719227375
      },
      "median_risk": 0.2,
      "avg_total_issues": 1.7692307692307692,
      "median_total_issues": 1,
      "avg_total_issues_raw": 1.7692307692307692,
      "median_total_issues_raw": 1,
      "avg_false_positive_count": 0,
      "median_false_positive_count": 0,
      "avg_false_positive_rate": 0.0,
      "avg_attempts": 1,
      "fixer_rate": 0.0,
      "sast_error_rate": 0.0,
      "target_issue_rate": 0.07692307692307693,
      "off_target_issue_rate": 0.6153846153846154,
      "avg_off_target_issue_count": 1.3846153846153846,
      "avg_loc_nonempty": 152.53846153846155,
      "avg_issue_density": 0.01214315997036485,
      "avg_cyclomatic_approx": 25.923076923076923,
      "avg_functionality_score": 0.9384615384615385,
      "judge_secure_rate": 0.38461538461538464,
      "avg_risk_delta_first_to_final": 0.0,
      "improved_risk_rate": 0.0
    },
    "4": {
      "runs": 3,
      "success_rate": 0.3333333333333333,
      "success_rate_ci95": {
        "low": 0.0614903152761605,
        "high": 0.7923450448735121
      },
      "first_attempt_success_rate": 0.3333333333333333,
      "avg_risk": 0.318200408997955,
      "avg_risk_ci95": {
        "low": 0.0,
        "high": 0.7605909136344263
      },
      "median_risk": 0.2,
      "avg_total_issues": 4.666666666666667,
      "median_total_issues": 1,
      "avg_total_issues_raw": 4.666666666666667,
      "median_total_issues_raw": 1,
      "avg_false_positive_count": 0,
      "median_false_positive_count": 0,
      "avg_false_positive_rate": 0.0,
      "avg_attempts": 1,
      "fixer_rate": 0.0,
      "sast_error_rate": 0.0,
      "target_issue_rate": 0.3333333333333333,
      "off_target_issue_rate": 0.6666666666666666,
      "avg_off_target_issue_count": 3.6666666666666665,
      "avg_loc_nonempty": 204.33333333333334,
      "avg_issue_density": 0.02543854805161338,
      "avg_cyclomatic_approx": 33.666666666666664,
      "avg_functionality_score": 0.9666666666666667,
      "judge_secure_rate": 0.3333333333333333,
      "avg_risk_delta_first_to_final": 0.0,
      "improved_risk_rate": 0.0
    }
  }
}