{
  "experiment": "0208_0212_PHASE_ONE_5",
  "overall": {
    "runs": 24,
    "success_rate": 0.5833333333333334,
    "avg_risk": 0.1246808143547274,
    "avg_total_issues": 0.7916666666666666,
    "avg_issue_density": 0.02562815046579061,
    "correlations": {
      "risk_vs_loc_nonempty": {
        "pearson_r": -0.12012403491375377,
        "n": 24
      },
      "risk_vs_cyclomatic_approx": {
        "pearson_r": 0.07274335644804787,
        "n": 24
      },
      "risk_vs_attempts_till_success": {
        "pearson_r": 0.7474914820329898,
        "n": 24
      },
      "risk_vs_issue_weight_sum": {
        "pearson_r": 0.9833130958454902,
        "n": 24
      },
      "risk_vs_total_issues": {
        "pearson_r": 0.9836190444573597,
        "n": 24
      }
    }
  },
  "by_difficulty": {
    "very easy": {
      "runs": 12,
      "success_rate": 0.6666666666666666,
      "success_rate_ci95": {
        "low": 0.3906175873976139,
        "high": 0.8618821601026385
      },
      "first_attempt_success_rate": 0.5,
      "avg_risk": 0.09698067632850241,
      "avg_risk_ci95": {
        "low": 0.002725546061332726,
        "high": 0.19123580659567208
      },
      "median_risk": 0.0,
      "avg_total_issues": 0.6666666666666666,
      "median_total_issues": 0.0,
      "avg_total_issues_raw": 0.6666666666666666,
      "median_total_issues_raw": 0.0,
      "avg_false_positive_count": 0,
      "median_false_positive_count": 0.0,
      "avg_false_positive_rate": 0.0,
      "avg_attempts": 1.8333333333333333,
      "fixer_rate": 0.16666666666666666,
      "sast_error_rate": 0.0,
      "target_issue_rate": 0.0,
      "off_target_issue_rate": 0.3333333333333333,
      "avg_off_target_issue_count": 0.6666666666666666,
      "avg_loc_nonempty": 33.166666666666664,
      "avg_issue_density": 0.019344506844506844,
      "avg_cyclomatic_approx": 5.416666666666667,
      "avg_functionality_score": 0.975,
      "judge_secure_rate": 0.75,
      "avg_risk_delta_first_to_final": 0.05238095238095238,
      "improved_risk_rate": 0.3333333333333333
    },
    "easy": {
      "runs": 6,
      "success_rate": 0.5,
      "success_rate_ci95": {
        "low": 0.18761280689940868,
        "high": 0.8123871931005913
      },
      "first_attempt_success_rate": 0.16666666666666666,
      "avg_risk": 0.14444444444444443,
      "avg_risk_ci95": {
        "low": 0.01197539378461654,
        "high": 0.2769134951042723
      },
      "median_risk": 0.1,
      "avg_total_issues": 0.8333333333333334,
      "median_total_issues": 0.5,
      "avg_total_issues_raw": 0.8333333333333334,
      "median_total_issues_raw": 0.5,
      "avg_false_positive_count": 0,
      "median_false_positive_count": 0.0,
      "avg_false_positive_rate": 0.0,
      "avg_attempts": 2.5,
      "fixer_rate": 0.3333333333333333,
      "sast_error_rate": 0.0,
      "target_issue_rate": 0.0,
      "off_target_issue_rate": 0.5,
      "avg_off_target_issue_count": 0.8333333333333334,
      "avg_loc_nonempty": 33.666666666666664,
      "avg_issue_density": 0.026954901305461874,
      "avg_cyclomatic_approx": 7.666666666666667,
      "avg_functionality_score": 0.9333333333333333,
      "judge_secure_rate": 0.8333333333333334,
      "avg_risk_delta_first_to_final": 0.12063492063492064,
      "improved_risk_rate": 0.8333333333333334
    },
    "medium": {
      "runs": 3,
      "success_rate": 0.6666666666666666,
      "success_rate_ci95": {
        "low": 0.2076549551264879,
        "high": 0.9385096847238394
      },
      "first_attempt_success_rate": 0.0,
      "avg_risk": 0.14285714285714285,
      "avg_risk_ci95": {
        "low": 0.0,
        "high": 0.4228571428571429
      },
      "median_risk": 0.0,
      "avg_total_issues": 1,
      "median_total_issues": 0,
      "avg_total_issues_raw": 1,
      "median_total_issues_raw": 0,
      "avg_false_positive_count": 0,
      "median_false_positive_count": 0,
      "avg_false_positive_rate": 0.0,
      "avg_attempts": 2.3333333333333335,
      "fixer_rate": 0.6666666666666666,
      "sast_error_rate": 0.0,
      "target_issue_rate": 0.0,
      "off_target_issue_rate": 0.3333333333333333,
      "avg_off_target_issue_count": 1,
      "avg_loc_nonempty": 72.66666666666667,
      "avg_issue_density": 0.030303030303030304,
      "avg_cyclomatic_approx": 11.333333333333334,
      "avg_functionality_score": 0.9666666666666667,
      "judge_secure_rate": 0.6666666666666666,
      "avg_risk_delta_first_to_final": 0.15714285714285717,
      "improved_risk_rate": 1.0
    },
    "hard": {
      "runs": 2,
      "success_rate": 0.5,
      "success_rate_ci95": {
        "low": 0.09452865480086614,
        "high": 0.9054713451991339
      },
      "first_attempt_success_rate": 0.0,
      "avg_risk": 0.16666666666666666,
      "avg_risk_ci95": {
        "low": 0.0,
        "high": 0.4933333333333333
      },
      "median_risk": 0.16666666666666666,
      "avg_total_issues": 1,
      "median_total_issues": 1.0,
      "avg_total_issues_raw": 1,
      "median_total_issues_raw": 1.0,
      "avg_false_positive_count": 0,
      "median_false_positive_count": 0.0,
      "avg_false_positive_rate": 0.0,
      "avg_attempts": 2.5,
      "fixer_rate": 0.5,
      "sast_error_rate": 0.0,
      "target_issue_rate": 0.0,
      "off_target_issue_rate": 0.5,
      "avg_off_target_issue_count": 1,
      "avg_loc_nonempty": 25.5,
      "avg_issue_density": 0.05,
      "avg_cyclomatic_approx": 6.5,
      "avg_functionality_score": 0.9,
      "judge_secure_rate": 0.5,
      "avg_risk_delta_first_to_final": 0.14761904761904762,
      "improved_risk_rate": 1.0
    },
    "very hard": {
      "runs": 1,
      "success_rate": 0.0,
      "success_rate_ci95": {
        "low": 0.0,
        "high": 0.7934567085261071
      },
      "first_attempt_success_rate": 0.0,
      "avg_risk": 0.2,
      "avg_risk_ci95": null,
      "median_risk": 0.2,
      "avg_total_issues": 1,
      "median_total_issues": 1,
      "avg_total_issues_raw": 1,
      "median_total_issues_raw": 1,
      "avg_false_positive_count": 0,
      "median_false_positive_count": 0,
      "avg_false_positive_rate": 0.0,
      "avg_attempts": 3,
      "fixer_rate": 0.0,
      "sast_error_rate": 0.0,
      "target_issue_rate": 0.0,
      "off_target_issue_rate": 1.0,
      "avg_off_target_issue_count": 1,
      "avg_loc_nonempty": 33,
      "avg_issue_density": 0.030303030303030304,
      "avg_cyclomatic_approx": 7,
      "avg_functionality_score": 0.8,
      "judge_secure_rate": 0.0,
      "avg_risk_delta_first_to_final": 0.8,
      "improved_risk_rate": 1.0
    }
  },
  "by_combo_size": {
    "2": {
      "runs": 19,
      "success_rate": 0.5789473684210527,
      "success_rate_ci95": {
        "low": 0.36275551465160105,
        "high": 0.7685837960796962
      },
      "first_attempt_success_rate": 0.3684210526315789,
      "avg_risk": 0.12240383567614689,
      "avg_risk_ci95": {
        "low": 0.04684653526595049,
        "high": 0.1979611360863433
      },
      "median_risk": 0.0,
      "avg_total_issues": 0.7894736842105263,
      "median_total_issues": 0,
      "avg_total_issues_raw": 0.7894736842105263,
      "median_total_issues_raw": 0,
      "avg_false_positive_count": 0,
      "median_false_positive_count": 0,
      "avg_false_positive_rate": 0.0,
      "avg_attempts": 2.1052631578947367,
      "fixer_rate": 0.21052631578947367,
      "sast_error_rate": 0.0,
      "target_issue_rate": 0.0,
      "off_target_issue_rate": 0.42105263157894735,
      "avg_off_target_issue_count": 0.7894736842105263,
      "avg_loc_nonempty": 37.94736842105263,
      "avg_issue_density": 0.02360047076380568,
      "avg_cyclomatic_approx": 7.052631578947368,
      "avg_functionality_score": 0.9473684210526316,
      "judge_secure_rate": 0.6842105263157895,
      "avg_risk_delta_first_to_final": 0.11203007518796992,
      "improved_risk_rate": 0.5263157894736842
    },
    "3": {
      "runs": 1,
      "success_rate": 0.0,