{
  "experiment": "exp_0213_1228_vuln__PHASE_ONE_5",
  "overall": {
    "runs": 26,
    "success_rate": 0.34615384615384615,
    "avg_risk": 0.24594017094017093,
    "avg_total_issues": 1.7692307692307692,
    "avg_issue_density": 0.06679121402438848,
    "correlations": {
      "risk_vs_loc_nonempty": {
        "pearson_r": 0.08826752541438643,
        "n": 26
      },
      "risk_vs_cyclomatic_approx": {
        "pearson_r": 0.04463204193012219,
        "n": 26
      },
      "risk_vs_attempts_till_success": {
        "pearson_r": null,
        "n": 26
      },
      "risk_vs_issue_weight_sum": {
        "pearson_r": 0.9282660372772757,
        "n": 26
      },
      "risk_vs_total_issues": {
        "pearson_r": 0.926037044013493,
        "n": 26
      }
    }
  },
  "by_difficulty": {
    "very easy": {
      "runs": 18,
      "success_rate": 0.3888888888888889,
      "success_rate_ci95": {
        "low": 0.20304991926931162,
        "high": 0.6138133141934384
      },
      "first_attempt_success_rate": 0.3888888888888889,
      "avg_risk": 0.2277116402116402,
      "avg_risk_ci95": {
        "low": 0.13136911977832436,
        "high": 0.32405416064495607
      },
      "median_risk": 0.2857142857142857,
      "avg_total_issues": 1.6666666666666667,
      "median_total_issues": 2.0,
      "avg_total_issues_raw": 1.6666666666666667,
      "median_total_issues_raw": 2.0,
      "avg_false_positive_count": 0,
      "median_false_positive_count": 0.0,
      "avg_false_positive_rate": 0.0,
      "avg_attempts": 1,
      "fixer_rate": 0.0,
      "sast_error_rate": 0.0,
      "target_issue_rate": 0.05555555555555555,
      "off_target_issue_rate": 0.5555555555555556,
      "avg_off_target_issue_count": 1.5555555555555556,
      "avg_loc_nonempty": 30.5,
      "avg_issue_density": 0.0649055827397906,
      "avg_cyclomatic_approx": 6.611111111111111,
      "avg_functionality_score": 0.9555555555555556,
      "judge_secure_rate": 0.3888888888888889,
      "avg_risk_delta_first_to_final": 0.0,
      "improved_risk_rate": 0.0
    },
    "easy": {
      "runs": 6,
      "success_rate": 0.3333333333333333,
      "success_rate_ci95": {
        "low": 0.09676933255921683,
        "high": 0.7000116786584712
      },
      "first_attempt_success_rate": 0.3333333333333333,
      "avg_risk": 0.26355820105820105,
      "avg_risk_ci95": {
        "low": 0.09718398748001889,
        "high": 0.4299324146363832
      },
      "median_risk": 0.35416666666666663,
      "avg_total_issues": 1.8333333333333333,
      "median_total_issues": 2.0,
      "avg_total_issues_raw": 1.8333333333333333,
      "median_total_issues_raw": 2.0,
      "avg_false_positive_count": 0,
      "median_false_positive_count": 0.0,
      "avg_false_positive_rate": 0.0,
      "avg_attempts": 1,
      "fixer_rate": 0.0,
      "sast_error_rate": 0.0,
      "target_issue_rate": 0.16666666666666666,
      "off_target_issue_rate": 0.5,
      "avg_off_target_issue_count": 1.5,
      "avg_loc_nonempty": 33.666666666666664,
      "avg_issue_density": 0.061067953546767105,
      "avg_cyclomatic_approx": 7.666666666666667,
      "avg_functionality_score": 0.9666666666666667,
      "judge_secure_rate": 0.3333333333333333,
      "avg_risk_delta_first_to_final": 0.0,
      "improved_risk_rate": 0.0
    },
    "medium": {
      "runs": 2,
      "success_rate": 0.0,
      "success_rate_ci95": {
        "low": 0.0,
        "high": 0.6576280471103807
      },
      "first_attempt_success_rate": 0.0,
      "avg_risk": 0.3571428571428571,
      "avg_risk_ci95": {
        "low": 0.2171428571428571,
        "high": 0.4971428571428571
      },
      "median_risk": 0.3571428571428571,
      "avg_total_issues": 2.5,
      "median_total_issues": 2.5,
      "avg_total_issues_raw": 2.5,
      "median_total_issues_raw": 2.5,
      "avg_false_positive_count": 0,
      "median_false_positive_count": 0.0,
      "avg_false_positive_rate": 0.0,
      "avg_attempts": 1,
      "fixer_rate": 0.0,
      "sast_error_rate": 0.0,
      "target_issue_rate": 0.0,
      "off_target_issue_rate": 1.0,
      "avg_off_target_issue_count": 2.5,
      "avg_loc_nonempty": 25.5,
      "avg_issue_density": 0.10093167701863354,
      "avg_cyclomatic_approx": 3,
      "avg_functionality_score": 0.8500000000000001,
      "judge_secure_rate": 0.0,
      "avg_risk_delta_first_to_final": 0.0,
      "improved_risk_rate": 0.0
    }
  },
  "by_combo_size": {
    "2": {
      "runs": 25,
      "success_rate": 0.36,
      "success_rate_ci95": {
        "low": 0.20247656431735636,
        "high": 0.5548184539895337
      },
      "first_attempt_success_rate": 0.36,
      "avg_risk": 0.24244444444444443,
      "avg_risk_ci95": {
        "low": 0.16281514835901034,
        "high": 0.3220737405298785
      },
      "median_risk": 0.2857142857142857,
      "avg_total_issues": 1.76,
      "median_total_issues": 2,
      "avg_total_issues_raw": 1.76,
      "median_total_issues_raw": 2,
      "avg_false_positive_count": 0,
      "median_false_positive_count": 0,
      "avg_false_positive_rate": 0.0,
      "avg_attempts": 1,
      "fixer_rate": 0.0,
      "sast_error_rate": 0.0,
      "target_issue_rate": 0.08,
      "off_target_issue_rate": 0.56,
      "avg_off_target_issue_count": 1.6,
      "avg_loc_nonempty": 31.24,
      "avg_issue_density": 0.0656533387758402,
      "avg_cyclomatic_approx": 6.56,
      "avg_functionality_score": 0.9480000000000001,
      "judge_secure_rate": 0.36,
      "avg_risk_delta_first_to_final": 0.0,
      "improved_risk_rate": 0.0
    },
    "3": {
      "runs": 1,
      "success_rate": 0.0,
      "success_rate_ci95": {
        "low": 0.0,
        "high": 0.7934567085261071
      },
      "first_attempt_success_rate": 0.0,
      "avg_risk": 0.3333333333333333,
      "avg_risk_ci95": null,
      "median_risk": 0.3333333333333333,
      "avg_total_issues": 2,
      "median_total_issues": 2,
      "avg_total_issues_raw": 2,
      "median_total_issues_raw": 2,
      "avg_false_positive_count": 0,
      "median_false_positive_count": 0,
      "avg_false_positive_rate": 0.0,
      "avg_attempts": 1,
      "fixer_rate": 0.0,
      "sast_error_rate": 0.0,
      "target_issue_rate": 0.0,
      "off_target_issue_rate": 1.0,
      "avg_off_target_issue_count": 2,
      "avg_loc_nonempty": 21,
      "avg_issue_density": 0.09523809523809523,
      "avg_cyclomatic_approx": 7,
      "avg_functionality_score": 1.0,
      "judge_secure_rate": 0.0,
      "avg_risk_delta_first_to_final": 0.0,
      "improved_risk_rate": 0.0
    }
  }
}