{
  "experiment": "exp_0425_2118_vuln__PHASE_ONE_5",
  "overall": {
    "runs": 296,
    "success_rate": 0.5304054054054054,
    "avg_risk": 0.164544000860578,
    "avg_total_issues": 1.0777027027027026,
    "avg_issue_density": 0.011247911851380483,
    "correlations": {
      "risk_vs_loc_nonempty": {
        "pearson_r": 0.06296641336492818,
        "n": 296
      },
      "risk_vs_cyclomatic_approx": {
        "pearson_r": 0.2477080031222371,
        "n": 296
      },
      "risk_vs_attempts_till_success": {
        "pearson_r": 0.5924722809095885,
        "n": 296
      },
      "risk_vs_issue_weight_sum": {
        "pearson_r": 0.921980484843335,
        "n": 296
      },
      "risk_vs_total_issues": {
        "pearson_r": 0.9282049568905607,
        "n": 296
      }
    }
  },
  "by_axis": {
    "Unknown": {
      "runs": 296,
      "success_rate": 0.5304054054054054,
      "success_rate_ci95": {
        "low": 0.47352397598510737,
        "high": 0.5865077207507691
      },
      "first_attempt_success_rate": 0.17229729729729729,
      "avg_risk": 0.164544000860578,
      "avg_risk_ci95": {
        "low": 0.140528060328409,
        "high": 0.18855994139274698
      },
      "median_risk": 0.0,
      "avg_total_issues": 1.0777027027027026,
      "median_total_issues": 0.0,
      "avg_total_issues_raw": 2.804054054054054,
      "median_total_issues_raw": 2.0,
      "avg_false_positive_count": 1.7263513513513513,
      "median_false_positive_count": 2.0,
      "avg_false_positive_rate": 0.6851652449753716,
      "avg_attempts": 2.418918918918919,
      "fixer_rate": 0.3581081081081081,
      "sast_error_rate": 0.0,
      "target_issue_rate": 0.35135135135135137,
      "off_target_issue_rate": 0.22972972972972974,
      "avg_off_target_issue_count": 0.32432432432432434,
      "avg_loc_nonempty": 101.04729729729729,
      "avg_issue_density": 0.011247911851380483,
      "avg_cyclomatic_approx": 22.969491525423727,
      "avg_functionality_score": 0.9488175675675675,
      "judge_secure_rate": 0.5304054054054054,
      "avg_risk_delta_first_to_final": 0.1435490602333359,
      "improved_risk_rate": 0.6824324324324325
    }
  },
  "by_difficulty": {
    "unknown": {
      "runs": 296,
      "success_rate": 0.5304054054054054,
      "success_rate_ci95": {
        "low": 0.47352397598510737,
        "high": 0.5865077207507691
      },
      "first_attempt_success_rate": 0.17229729729729729,
      "avg_risk": 0.164544000860578,
      "avg_risk_ci95": {
        "low": 0.140528060328409,
        "high": 0.18855994139274698
      },
      "median_risk": 0.0,
      "avg_total_issues": 1.0777027027027026,
      "median_total_issues": 0.0,
      "avg_total_issues_raw": 2.804054054054054,
      "median_total_issues_raw": 2.0,
      "avg_false_positive_count": 1.7263513513513513,
      "median_false_positive_count": 2.0,
      "avg_false_positive_rate": 0.6851652449753716,
      "avg_attempts": 2.418918918918919,
      "fixer_rate": 0.3581081081081081,
      "sast_error_rate": 0.0,
      "target_issue_rate": 0.35135135135135137,
      "off_target_issue_rate": 0.22972972972972974,
      "avg_off_target_issue_count": 0.32432432432432434,
      "avg_loc_nonempty": 101.04729729729729,
      "avg_issue_density": 0.011247911851380483,
      "avg_cyclomatic_approx": 22.969491525423727,
      "avg_functionality_score": 0.9488175675675675,
      "judge_secure_rate": 0.5304054054054054,
      "avg_risk_delta_first_to_final": 0.1435490602333359,
      "improved_risk_rate": 0.6824324324324325
    }
  },
  "by_combo_size": {
    "1": {
      "runs": 33,
      "success_rate": 0.6363636363636364,
      "success_rate_ci95": {
        "low": 0.46615872621534094,
        "high": 0.7781303383204013
      },
      "first_attempt_success_rate": 0.30303030303030304,
      "avg_risk": 0.10409106256356883,
      "avg_risk_ci95": {
        "low": 0.04379759368914699,
        "high": 0.16438453143799067
      },
      "median_risk": 0.0,
      "avg_total_issues": 0.7272727272727273,
      "median_total_issues": 0,
      "avg_total_issues_raw": 1.4848484848484849,
      "median_total_issues_raw": 1,
      "avg_false_positive_count": 0.7575757575757576,
      "median_false_positive_count": 0,
      "avg_false_positive_rate": 0.5753968253968254,
      "avg_attempts": 2.242424242424242,
      "fixer_rate": 0.3333333333333333,
      "sast_error_rate": 0.0,
      "target_issue_rate": 0.09090909090909091,
      "off_target_issue_rate": 0.30303030303030304,
      "avg_off_target_issue_count": 0.42424242424242425,
      "avg_loc_nonempty": 81.3030303030303,
      "avg_issue_density": 0.008860058485530278,
      "avg_cyclomatic_approx": 15.333333333333334,
      "avg_functionality_score": 0.9742424242424242,
      "judge_secure_rate": 0.6363636363636364,
      "avg_risk_delta_first_to_final": 0.12180079750392406,
      "improved_risk_rate": 0.5151515151515151
    },
    "2": {
      "runs": 34,
      "success_rate": 0.7352941176470589,
      "success_rate_ci95": {
        "low": 0.5688253783710155,
        "high": 0.8539897245844621
      },
      "first_attempt_success_rate": 0.23529411764705882,
      "avg_risk": 0.07277952593797125,
      "avg_risk_ci95": {
        "low": 0.02259586318524672,
        "high": 0.12296318869069578
      },
      "median_risk": 0.0,
      "avg_total_issues": 0.38235294117647056,
      "median_total_issues": 0.0,
      "avg_total_issues_raw": 1.1764705882352942,
      "median_total_issues_raw": 0.0,
      "avg_false_positive_count": 0.7941176470588235,
      "median_false_positive_count": 0.0,
      "avg_false_positive_rate": 0.66875,
      "avg_attempts": 2.2058823529411766,
      "fixer_rate": 0.5,
      "sast_error_rate": 0.0,
      "target_issue_rate": 0.20588235294117646,
      "off_target_issue_rate": 0.029411764705882353,
      "avg_off_target_issue_count": 0.029411764705882353,
      "avg_loc_nonempty": 89.76470588235294,
      "avg_issue_density": 0.00486961534850999,
      "avg_cyclomatic_approx": 17.606060606060606,
      "avg_functionality_score": 0.9691176470588235,
      "judge_secure_rate": 0.7352941176470589,
      "avg_risk_delta_first_to_final": 0.156882204349958,
      "improved_risk_rate": 0.6764705882352942
    },
    "3": {
      "runs": 33,
      "success_rate": 0.6666666666666666,
      "success_rate_ci95": {
        "low": 0.4960758179994997,
        "high": 0.8024997053219629
      },
      "first_attempt_success_rate": 0.24242424242424243,
      "avg_risk": 0.11248462013721096,
      "avg_risk_ci95": {
        "low": 0.05239541270661348,
        "high": 0.17257382756780842
      },
      "median_risk": 0.0,
      "avg_total_issues": 0.6060606060606061,
      "median_total_issues": 0,
      "avg_total_issues_raw": 2.1818181818181817,
      "median_total_issues_raw": 2,
      "avg_false_positive_count": 1.5757575757575757,
      "median_false_positive_count": 1,
      "avg_false_positive_rate": 0.7934782608695652,
      "avg_attempts": 2.242424242424242,
      "fixer_rate": 0.42424242424242425,
      "sast_error_rate": 0.0,
      "target_issue_rate": 0.2727272727272727,
      "off_target_issue_rate": 0.15151515151515152,
      "avg_off_target_issue_count": 0.15151515151515152,
      "avg_loc_nonempty": 85.45454545454545,
      "avg_issue_density": 0.007170670442790453,
      "avg_cyclomatic_approx": 19.09090909090909,
      "avg_functionality_score": 0.9696969696969697,
      "judge_secure_rate": 0.6666666666666666,
      "avg_risk_delta_first_to_final": 0.14733182542350007,
      "improved_risk_rate": 0.696969696969697
    },
    "4": {
      "runs": 33,
      "success_rate": 0.5757575757575758,
      "success_rate_ci95": {
        "low": 0.4080697369146003,
        "high": 0.7276464100497011
      },
      "first_attempt_success_rate": 0.18181818181818182,
      "avg_risk": 0.1685468316413996,
      "avg_risk_ci95": {
        "low": 0.0896097835207271,
        "high": 0.24748387976207212
      },
      "median_risk": 0.0,