{
  "experiment": "0207_2039_PHASE_ONE_5",
  "overall": {
    "runs": 137,
    "success_rate": 0.7299270072992701,
    "avg_risk": 0.10061452902752294,
    "avg_total_issues": 0.656934306569343,
    "avg_issue_density": 0.02068297273614238,
    "correlations": {
      "risk_vs_loc_nonempty": {
        "pearson_r": 0.06485991926920373,
        "n": 137
      },
      "risk_vs_cyclomatic_approx": {
        "pearson_r": 0.06134478837239333,
        "n": 137
      },
      "risk_vs_attempts_till_success": {
        "pearson_r": 0.7686805928302861,
        "n": 137
      },
      "risk_vs_issue_weight_sum": {
        "pearson_r": 0.9795877881078412,
        "n": 137
      },
      "risk_vs_total_issues": {
        "pearson_r": 0.9704679477050572,
        "n": 137
      }
    }
  },
  "by_difficulty": {
    "very easy": {
      "runs": 50,
      "success_rate": 0.78,
      "success_rate_ci95": {
        "low": 0.6475818431054045,
        "high": 0.8724621377569771
      },
      "first_attempt_success_rate": 0.54,
      "avg_risk": 0.08863360512896117,
      "avg_risk_ci95": {
        "low": 0.0394024844102186,
        "high": 0.13786472584770373
      },
      "median_risk": 0.0,
      "avg_total_issues": 0.58,
      "median_total_issues": 0.0,
      "avg_total_issues_raw": 0.68,
      "median_total_issues_raw": 0.0,
      "avg_false_positive_count": 0.1,
      "median_false_positive_count": 0.0,
      "avg_false_positive_rate": 0.15384615384615385,
      "avg_attempts": 1.7,
      "fixer_rate": 0.24,
      "sast_error_rate": 0.0,
      "target_issue_rate": 0.08,
      "off_target_issue_rate": 0.2,
      "avg_off_target_issue_count": 0.4,
      "avg_loc_nonempty": 33.02,
      "avg_issue_density": 0.021953826259628717,
      "avg_cyclomatic_approx": 6.74,
      "avg_functionality_score": 0.972,
      "judge_secure_rate": 0.76,
      "avg_risk_delta_first_to_final": 0.06215448319796146,
      "improved_risk_rate": 0.28
    },
    "easy": {
      "runs": 37,
      "success_rate": 0.6216216216216216,
      "success_rate_ci95": {
        "low": 0.4610014255281996,
        "high": 0.7593621253610898
      },
      "first_attempt_success_rate": 0.2702702702702703,
      "avg_risk": 0.14667127952637277,
      "avg_risk_ci95": {
        "low": 0.08105406395106014,
        "high": 0.2122884951016854
      },
      "median_risk": 0.0,
      "avg_total_issues": 0.918918918918919,
      "median_total_issues": 0,
      "avg_total_issues_raw": 0.9459459459459459,
      "median_total_issues_raw": 0,
      "avg_false_positive_count": 0.02702702702702703,
      "median_false_positive_count": 0,
      "avg_false_positive_rate": 0.06666666666666667,
      "avg_attempts": 2.108108108108108,
      "fixer_rate": 0.35135135135135137,
      "sast_error_rate": 0.0,
      "target_issue_rate": 0.1891891891891892,
      "off_target_issue_rate": 0.24324324324324326,
      "avg_off_target_issue_count": 0.6216216216216216,
      "avg_loc_nonempty": 35.567567567567565,
      "avg_issue_density": 0.027060587496317106,
      "avg_cyclomatic_approx": 6.918918918918919,
      "avg_functionality_score": 0.9783783783783784,
      "judge_secure_rate": 0.6486486486486487,
      "avg_risk_delta_first_to_final": 0.09178578313051325,
      "improved_risk_rate": 0.5135135135135135
    },
    "medium": {
      "runs": 25,
      "success_rate": 0.8,
      "success_rate_ci95": {
        "low": 0.6086866446346177,
        "high": 0.9113954589934752
      },
      "first_attempt_success_rate": 0.4,
      "avg_risk": 0.07580952380952381,
      "avg_risk_ci95": {
        "low": 0.010694510805466767,
        "high": 0.14092453681358086
      },
      "median_risk": 0.0,
      "avg_total_issues": 0.56,
      "median_total_issues": 0,
      "avg_total_issues_raw": 0.56,
      "median_total_issues_raw": 0,
      "avg_false_positive_count": 0,
      "median_false_positive_count": 0,
      "avg_false_positive_rate": 0.0,
      "avg_attempts": 1.8,
      "fixer_rate": 0.4,
      "sast_error_rate": 0.0,
      "target_issue_rate": 0.0,
      "off_target_issue_rate": 0.2,
      "avg_off_target_issue_count": 0.56,
      "avg_loc_nonempty": 35.72,
      "avg_issue_density": 0.0168956138904988,
      "avg_cyclomatic_approx": 7.88,
      "avg_functionality_score": 0.976,
      "judge_secure_rate": 0.8,
      "avg_risk_delta_first_to_final": 0.08841153049848702,
      "improved_risk_rate": 0.48
    },
    "hard": {
      "runs": 15,
      "success_rate": 0.8,
      "success_rate_ci95": {
        "low": 0.5481406466534955,
        "high": 0.9295257935638959
      },
      "first_attempt_success_rate": 0.5333333333333333,
      "avg_risk": 0.05314009661835749,
      "avg_risk_ci95": {
        "low": 0.0,
        "high": 0.11315296212816633
      },
      "median_risk": 0.0,
      "avg_total_issues": 0.3333333333333333,
      "median_total_issues": 0,
      "avg_total_issues_raw": 0.3333333333333333,
      "median_total_issues_raw": 0,
      "avg_false_positive_count": 0,
      "median_false_positive_count": 0,
      "avg_false_positive_rate": 0.0,
      "avg_attempts": 1.7333333333333334,
      "fixer_rate": 0.26666666666666666,
      "sast_error_rate": 0.0,
      "target_issue_rate": 0.0,
      "off_target_issue_rate": 0.2,
      "avg_off_target_issue_count": 0.3333333333333333,
      "avg_loc_nonempty": 39.4,
      "avg_issue_density": 0.007567099567099567,
      "avg_cyclomatic_approx": 5.466666666666667,
      "avg_functionality_score": 0.9733333333333334,
      "judge_secure_rate": 0.7333333333333333,
      "avg_risk_delta_first_to_final": 0.06857142857142857,
      "improved_risk_rate": 0.3333333333333333
    },
    "very hard": {
      "runs": 10,
      "success_rate": 0.6,
      "success_rate_ci95": {
        "low": 0.3126695474501864,
        "high": 0.8318224187964902
      },
      "first_attempt_success_rate": 0.4,
      "avg_risk": 0.12333333333333334,
      "avg_risk_ci95": {
        "low": 0.012266666666666676,
        "high": 0.2344
      },
      "median_risk": 0.0,
      "avg_total_issues": 0.8,
      "median_total_issues": 0.0,
      "avg_total_issues_raw": 0.8,
      "median_total_issues_raw": 0.0,
      "avg_false_positive_count": 0,
      "median_false_positive_count": 0.0,
      "avg_false_positive_rate": 0.0,
      "avg_attempts": 2.1,
      "fixer_rate": 0.2,
      "sast_error_rate": 0.0,
      "target_issue_rate": 0.0,
      "off_target_issue_rate": 0.4,
      "avg_off_target_issue_count": 0.8,
      "avg_loc_nonempty": 45.9,
      "avg_issue_density": 0.019873737373737373,
      "avg_cyclomatic_approx": 7.8,
      "avg_functionality_score": 0.9400000000000001,
      "judge_secure_rate": 0.5,
      "avg_risk_delta_first_to_final": 0.09220779220779221,
      "improved_risk_rate": 0.3
    }
  },
  "by_combo_size": {
    "2": {
      "runs": 76,
      "success_rate": 0.7105263157894737,
      "success_rate_ci95": {
        "low": 0.6004023269144307,
        "high": 0.8003912443566861
      },
      "first_attempt_success_rate": 0.4473684210526316,
      "avg_risk": 0.10755593942425429,
      "avg_risk_ci95": {
        "low": 0.06628636095156236,
        "high": 0.1488255178969462
      },
      "median_risk": 0.0,
      "avg_total_issues": 0.7236842105263158,
      "median_total_issues": 0.0,
      "avg_total_issues_raw": 0.8026315789473685,
      "median_total_issues_raw": 0.0,
      "avg_false_positive_count": 0.07894736842105263,
      "median_false_positive_count": 0.0,
      "avg_false_positive_rate": 0.12,
      "avg_attempts": 1.8421052631578947,
      "fixer_rate": 0.2631578947368421,
      "sast_error_rate": 0.0,
      "target_issue_rate": 0.07894736842105263,
      "off_target_issue_rate": 0.27631578947368424,
      "avg_off_target_issue_count": 0.6052631578947368,
      "avg_loc_nonempty": 31.644736842105264,
      "avg_issue_density": 0.021253678752882272,
      "avg_cyclomatic_approx": 6.7631578947368425,
      "avg_functionality_score": 0.968421052631579,