{
  "experiment": "exp_0218_1355_vuln__PHASE_TWO_10",
  "overall": {
    "runs": 177,
    "success_rate": 0.8248587570621468,
    "avg_risk": 0.042950893460533955,
    "avg_total_issues": 0.3220338983050847,
    "avg_issue_density": 0.008701693636646277,
    "correlations": {
      "risk_vs_loc_nonempty": {
        "pearson_r": 0.061857111784486926,
        "n": 177
      },
      "risk_vs_cyclomatic_approx": {
        "pearson_r": 0.11087960959180752,
        "n": 177
      },
      "risk_vs_attempts_till_success": {
        "pearson_r": 0.4916038488126187,
        "n": 177
      },
      "risk_vs_issue_weight_sum": {
        "pearson_r": 0.9453505705343914,
        "n": 177
      },
      "risk_vs_total_issues": {
        "pearson_r": 0.8448192985495427,
        "n": 177
      }
    }
  },
  "by_difficulty": {
    "very easy": {
      "runs": 45,
      "success_rate": 0.8222222222222222,
      "success_rate_ci95": {
        "low": 0.6866989315634587,
        "high": 0.9070572107414617
      },
      "first_attempt_success_rate": 0.24444444444444444,
      "avg_risk": 0.06868495639286715,
      "avg_risk_ci95": {
        "low": 0.019301492491752975,
        "high": 0.11806842029398132
      },
      "median_risk": 0.0,
      "avg_total_issues": 0.5555555555555556,
      "median_total_issues": 0,
      "avg_total_issues_raw": 0.5555555555555556,
      "median_total_issues_raw": 0,
      "avg_false_positive_count": 0,
      "median_false_positive_count": 0,
      "avg_false_positive_rate": 0.0,
      "avg_attempts": 2.022222222222222,
      "fixer_rate": 0.6,
      "sast_error_rate": 0.0,
      "target_issue_rate": 0.08888888888888889,
      "off_target_issue_rate": 0.1111111111111111,
      "avg_off_target_issue_count": 0.35555555555555557,
      "avg_loc_nonempty": 33.28888888888889,
      "avg_issue_density": 0.011458607529601946,
      "avg_cyclomatic_approx": 6.977777777777778,
      "avg_functionality_score": 0.7666666666666667,
      "judge_secure_rate": 0.8222222222222222,
      "avg_risk_delta_first_to_final": 0.24318052032507328,
      "improved_risk_rate": 0.7111111111111111
    },
    "easy": {
      "runs": 38,
      "success_rate": 0.8157894736842105,
      "success_rate_ci95": {
        "low": 0.6658083165848865,
        "high": 0.907783515467425
      },
      "first_attempt_success_rate": 0.39473684210526316,
      "avg_risk": 0.04623323013415893,
      "avg_risk_ci95": {
        "low": 0.008660819689495697,
        "high": 0.08380564057882216
      },
      "median_risk": 0.0,
      "avg_total_issues": 0.2631578947368421,
      "median_total_issues": 0.0,
      "avg_total_issues_raw": 0.2631578947368421,
      "median_total_issues_raw": 0.0,
      "avg_false_positive_count": 0,
      "median_false_positive_count": 0.0,
      "avg_false_positive_rate": 0.0,
      "avg_attempts": 1.8421052631578947,
      "fixer_rate": 0.42105263157894735,
      "sast_error_rate": 0.0,
      "target_issue_rate": 0.02631578947368421,
      "off_target_issue_rate": 0.13157894736842105,
      "avg_off_target_issue_count": 0.18421052631578946,
      "avg_loc_nonempty": 45.71052631578947,
      "avg_issue_density": 0.007902522813702304,
      "avg_cyclomatic_approx": 8.513513513513514,
      "avg_functionality_score": 0.7105263157894737,
      "judge_secure_rate": 0.8378378378378378,
      "avg_risk_delta_first_to_final": 0.15333586226313237,
      "improved_risk_rate": 0.5
    },
    "medium": {
      "runs": 27,
      "success_rate": 0.8518518518518519,
      "success_rate_ci95": {
        "low": 0.6752093665317052,
        "high": 0.9408416814035512
      },
      "first_attempt_success_rate": 0.2962962962962963,
      "avg_risk": 0.02648333952681779,
      "avg_risk_ci95": {
        "low": 0.0,
        "high": 0.05838771052246737
      },
      "median_risk": 0.0,
      "avg_total_issues": 0.2222222222222222,
      "median_total_issues": 0,
      "avg_total_issues_raw": 0.25925925925925924,
      "median_total_issues_raw": 0,
      "avg_false_positive_count": 0.037037037037037035,
      "median_false_positive_count": 0,
      "avg_false_positive_rate": 0.125,
      "avg_attempts": 1.8888888888888888,
      "fixer_rate": 0.5555555555555556,
      "sast_error_rate": 0.0,
      "target_issue_rate": 0.037037037037037035,
      "off_target_issue_rate": 0.1111111111111111,
      "avg_off_target_issue_count": 0.1111111111111111,
      "avg_loc_nonempty": 40.18518518518518,
      "avg_issue_density": 0.008641508641508642,
      "avg_cyclomatic_approx": 6.653846153846154,
      "avg_functionality_score": 0.6851851851851852,
      "judge_secure_rate": 0.8518518518518519,
      "avg_risk_delta_first_to_final": 0.19162168507921967,
      "improved_risk_rate": 0.6666666666666666
    },
    "hard": {
      "runs": 23,
      "success_rate": 0.8260869565217391,
      "success_rate_ci95": {
        "low": 0.6286194521470433,
        "high": 0.9302145964938723
      },
      "first_attempt_success_rate": 0.21739130434782608,
      "avg_risk": 0.021483375959079284,
      "avg_risk_ci95": {
        "low": 0.0,
        "high": 0.05114558972517132
      },
      "median_risk": 0.0,
      "avg_total_issues": 0.13043478260869565,
      "median_total_issues": 0,
      "avg_total_issues_raw": 0.13043478260869565,
      "median_total_issues_raw": 0,
      "avg_false_positive_count": 0,
      "median_false_positive_count": 0,
      "avg_false_positive_rate": 0.0,
      "avg_attempts": 2.1739130434782608,
      "fixer_rate": 0.6086956521739131,
      "sast_error_rate": 0.0,
      "target_issue_rate": 0.0,
      "off_target_issue_rate": 0.08695652173913043,
      "avg_off_target_issue_count": 0.13043478260869565,
      "avg_loc_nonempty": 44.30434782608695,
      "avg_issue_density": 0.002308938698352687,
      "avg_cyclomatic_approx": 8,
      "avg_functionality_score": 0.6260869565217392,
      "judge_secure_rate": 0.9047619047619048,
      "avg_risk_delta_first_to_final": 0.310287680037731,
      "improved_risk_rate": 0.7391304347826086
    },
    "very hard": {
      "runs": 44,
      "success_rate": 0.8181818181818182,
      "success_rate_ci95": {
        "low": 0.6803916324485767,
        "high": 0.9048730744174144
      },
      "first_attempt_success_rate": 0.29545454545454547,
      "avg_risk": 0.03512396694214876,
      "avg_risk_ci95": {
        "low": 0.005651155547822417,
        "high": 0.0645967783364751
      },
      "median_risk": 0.0,
      "avg_total_issues": 0.29545454545454547,
      "median_total_issues": 0.0,
      "avg_total_issues_raw": 0.29545454545454547,
      "median_total_issues_raw": 0.0,
      "avg_false_positive_count": 0,
      "median_false_positive_count": 0.0,
      "avg_false_positive_rate": 0.0,
      "avg_attempts": 2,
      "fixer_rate": 0.5227272727272727,
      "sast_error_rate": 0.0,
      "target_issue_rate": 0.045454545454545456,
      "off_target_issue_rate": 0.06818181818181818,
      "avg_off_target_issue_count": 0.13636363636363635,
      "avg_loc_nonempty": 49.70454545454545,
      "avg_issue_density": 0.009950914648881155,
      "avg_cyclomatic_approx": 8.951219512195122,
      "avg_functionality_score": 0.6431818181818182,
      "judge_secure_rate": 0.8571428571428571,
      "avg_risk_delta_first_to_final": 0.25251026967435064,
      "improved_risk_rate": 0.6818181818181818
    }
  },
  "by_combo_size": {
    "2": {
      "runs": 84,
      "success_rate": 0.8095238095238095,
      "success_rate_ci95": {
        "low": 0.7127605972340397,
        "high": 0.8792140480365381
      },
      "first_attempt_success_rate": 0.2976190476190476,
      "avg_risk": 0.055286498491366645,
      "avg_risk_ci95": {
        "low": 0.02593927505191266,
        "high": 0.08463372193082064
      },
      "median_risk": 0.0,
      "avg_total_issues": 0.36904761904761907,
      "median_total_issues": 0.0,
      "avg_total_issues_raw": 0.38095238095238093,
      "median_total_issues_raw": 0.0,
      "avg_false_positive_count": 0.011904761904761904,