{
  "experiment": "exp_0213_1846_vuln__PHASE_TWO_10",
  "overall": {
    "runs": 171,
    "success_rate": 0.5380116959064327,
    "avg_risk": 0.14202097529259097,
    "avg_total_issues": 1.1988304093567252,
    "avg_issue_density": 0.00825186905456831,
    "correlations": {
      "risk_vs_loc_nonempty": {
        "pearson_r": 0.0408884609754761,
        "n": 171
      },
      "risk_vs_cyclomatic_approx": {
        "pearson_r": 0.031260834935344976,
        "n": 171
      },
      "risk_vs_attempts_till_success": {
        "pearson_r": -0.07871919764242222,
        "n": 171
      },
      "risk_vs_issue_weight_sum": {
        "pearson_r": 0.9311089409756557,
        "n": 171
      },
      "risk_vs_total_issues": {
        "pearson_r": 0.9304802181798587,
        "n": 171
      }
    }
  },
  "by_difficulty": {
    "very easy": {
      "runs": 78,
      "success_rate": 0.5128205128205128,
      "success_rate_ci95": {
        "low": 0.40392509465379506,
        "high": 0.6205123552494326
      },
      "first_attempt_success_rate": 0.5263157894736842,
      "avg_risk": 0.15554290591638606,
      "avg_risk_ci95": {
        "low": 0.10954771358499193,
        "high": 0.20153809824778018
      },
      "median_risk": 0.0,
      "avg_total_issues": 1.294871794871795,
      "median_total_issues": 0.0,
      "avg_total_issues_raw": 1.3076923076923077,
      "median_total_issues_raw": 0.0,
      "avg_false_positive_count": 0.01282051282051282,
      "median_false_positive_count": 0.0,
      "avg_false_positive_rate": 0.013888888888888888,
      "avg_attempts": 1,
      "fixer_rate": 0.0,
      "sast_error_rate": 0.0,
      "target_issue_rate": 0.08974358974358974,
      "off_target_issue_rate": 0.4358974358974359,
      "avg_off_target_issue_count": 1.141025641025641,
      "avg_loc_nonempty": 149.5,
      "avg_issue_density": 0.009845667161629745,
      "avg_cyclomatic_approx": 26.243589743589745,
      "avg_functionality_score": 0.985897435897436,
      "judge_secure_rate": 0.5342465753424658,
      "avg_risk_delta_first_to_final": 0.0,
      "improved_risk_rate": 0.0
    },
    "easy": {
      "runs": 48,
      "success_rate": 0.5416666666666666,
      "success_rate_ci95": {
        "low": 0.4029083309494732,
        "high": 0.6742497814544648
      },
      "first_attempt_success_rate": 0.4791666666666667,
      "avg_risk": 0.14736157006200268,
      "avg_risk_ci95": {
        "low": 0.08905451645544106,
        "high": 0.2056686236685643
      },
      "median_risk": 0.0,
      "avg_total_issues": 1.3541666666666667,
      "median_total_issues": 0.0,
      "avg_total_issues_raw": 1.375,
      "median_total_issues_raw": 0.0,
      "avg_false_positive_count": 0.020833333333333332,
      "median_false_positive_count": 0.0,
      "avg_false_positive_rate": 0.00505050505050505,
      "avg_attempts": 1.0833333333333333,
      "fixer_rate": 0.0625,
      "sast_error_rate": 0.0,
      "target_issue_rate": 0.020833333333333332,
      "off_target_issue_rate": 0.4583333333333333,
      "avg_off_target_issue_count": 1.3333333333333333,
      "avg_loc_nonempty": 173.72916666666666,
      "avg_issue_density": 0.00837858931572579,
      "avg_cyclomatic_approx": 31.791666666666668,
      "avg_functionality_score": 0.9833333333333334,
      "judge_secure_rate": 0.5434782608695652,
      "avg_risk_delta_first_to_final": 0.015337583612040134,
      "improved_risk_rate": 0.0625
    },
    "medium": {
      "runs": 25,
      "success_rate": 0.6,
      "success_rate_ci95": {
        "low": 0.40739127785127344,
        "high": 0.7659694233580909
      },
      "first_attempt_success_rate": 0.4,
      "avg_risk": 0.12107900283859363,
      "avg_risk_ci95": {
        "low": 0.04112078819171279,
        "high": 0.20103721748547448
      },
      "median_risk": 0.0,
      "avg_total_issues": 0.92,
      "median_total_issues": 0,
      "avg_total_issues_raw": 0.92,
      "median_total_issues_raw": 0,
      "avg_false_positive_count": 0,
      "median_false_positive_count": 0,
      "avg_false_positive_rate": 0.0,
      "avg_attempts": 1.36,
      "fixer_rate": 0.24,
      "sast_error_rate": 0.0,
      "target_issue_rate": 0.12,
      "off_target_issue_rate": 0.32,
      "avg_off_target_issue_count": 0.4,
      "avg_loc_nonempty": 168.52,
      "avg_issue_density": 0.006360049245076323,
      "avg_cyclomatic_approx": 28.96,
      "avg_functionality_score": 0.964,
      "judge_secure_rate": 0.5833333333333334,
      "avg_risk_delta_first_to_final": 0.052720496894409934,
      "improved_risk_rate": 0.2
    },
    "hard": {
      "runs": 16,
      "success_rate": 0.5,
      "success_rate_ci95": {
        "low": 0.2799923761135083,
        "high": 0.7200076238864916
      },
      "first_attempt_success_rate": 0.4,
      "avg_risk": 0.10891030325173548,
      "avg_risk_ci95": {
        "low": 0.031615576890098945,
        "high": 0.18620502961337201
      },
      "median_risk": 0.0,
      "avg_total_issues": 0.8125,
      "median_total_issues": 0.0,
      "avg_total_issues_raw": 0.8125,
      "median_total_issues_raw": 0.0,
      "avg_false_positive_count": 0,
      "median_false_positive_count": 0.0,
      "avg_false_positive_rate": 0.0,
      "avg_attempts": 1.4375,
      "fixer_rate": 0.125,
      "sast_error_rate": 0.0,
      "target_issue_rate": 0.0,
      "off_target_issue_rate": 0.4375,
      "avg_off_target_issue_count": 0.8125,
      "avg_loc_nonempty": 207,
      "avg_issue_density": 0.004144259749928557,
      "avg_cyclomatic_approx": 33.3125,
      "avg_functionality_score": 0.98125,
      "judge_secure_rate": 0.5384615384615384,
      "avg_risk_delta_first_to_final": 0.06409009315420516,
      "improved_risk_rate": 0.2
    },
    "very hard": {
      "runs": 4,
      "success_rate": 0.75,
      "success_rate_ci95": {
        "low": 0.3006360524426366,
        "high": 0.9544139373553637
      },
      "first_attempt_success_rate": 0.75,
      "avg_risk": 0.07758620689655173,
      "avg_risk_ci95": {
        "low": 0.0,
        "high": 0.22965517241379313
      },
      "median_risk": 0.0,
      "avg_total_issues": 0.75,
      "median_total_issues": 0.0,
      "avg_total_issues_raw": 0.75,
      "median_total_issues_raw": 0.0,
      "avg_false_positive_count": 0,
      "median_false_positive_count": 0.0,
      "avg_false_positive_rate": 0.0,
      "avg_attempts": 1,
      "fixer_rate": 0.0,
      "sast_error_rate": 0.0,
      "target_issue_rate": 0.0,
      "off_target_issue_rate": 0.25,
      "avg_off_target_issue_count": 0.75,
      "avg_loc_nonempty": 201,
      "avg_issue_density": 0.003676470588235294,
      "avg_cyclomatic_approx": 41.5,
      "avg_functionality_score": 1.0,
      "judge_secure_rate": 0.75,
      "avg_risk_delta_first_to_final": 0.0,
      "improved_risk_rate": 0.0
    }
  },
  "by_combo_size": {
    "2": {
      "runs": 68,
      "success_rate": 0.5,
      "success_rate_ci95": {
        "low": 0.3843786388809909,
        "high": 0.6156213611190091
      },
      "first_attempt_success_rate": 0.5,
      "avg_risk": 0.15758742093742095,
      "avg_risk_ci95": {
        "low": 0.10889761324164918,
        "high": 0.20627722863319273
      },
      "median_risk": 0.045454545454545456,
      "avg_total_issues": 1.338235294117647,
      "median_total_issues": 0.5,
      "avg_total_issues_raw": 1.3676470588235294,
      "median_total_issues_raw": 0.5,
      "avg_false_positive_count": 0.029411764705882353,
      "median_false_positive_count": 0.0,
      "avg_false_positive_rate": 0.017973856209150325,
      "avg_attempts": 1,
      "fixer_rate": 0.0,
      "sast_error_rate": 0.0,
      "target_issue_rate": 0.08823529411764706,
      "off_target_issue_rate": 0.5,
      "avg_off_target_issue_count": 1.1764705882352942,
      "avg_loc_nonempty": 154.94117647058823,
      "avg_issue_density": 0.009306375876291734,
      "avg_cyclomatic_approx": 26.926470588235293,
      "avg_functionality_score": 0.9794117647058823,
      "judge_secure_rate": 0.5,