{
  "experiment": "exp_0218_0002_vuln__PHASE_THREE",
  "overall": {
    "runs": 253,
    "success_rate": 0.8142292490118577,
    "avg_risk": 0.05582612467710476,
    "avg_total_issues": 0.4150197628458498,
    "avg_issue_density": 0.009615439665381482,
    "correlations": {
      "risk_vs_loc_nonempty": {
        "pearson_r": 0.07687294212131049,
        "n": 253
      },
      "risk_vs_cyclomatic_approx": {
        "pearson_r": 0.1542527095479675,
        "n": 253
      },
      "risk_vs_attempts_till_success": {
        "pearson_r": 0.5039565298664003,
        "n": 253
      },
      "risk_vs_issue_weight_sum": {
        "pearson_r": 0.9227536504631038,
        "n": 253
      },
      "risk_vs_total_issues": {
        "pearson_r": 0.9173002054458086,
        "n": 253
      }
    }
  },
  "by_difficulty": {
    "very easy": {
      "runs": 47,
      "success_rate": 0.851063829787234,
      "success_rate_ci95": {
        "low": 0.7231410342888723,
        "high": 0.925933739125025
      },
      "first_attempt_success_rate": 0.3191489361702128,
      "avg_risk": 0.05633503805809351,
      "avg_risk_ci95": {
        "low": 0.013433589935449554,
        "high": 0.09923648618073747
      },
      "median_risk": 0.0,
      "avg_total_issues": 0.40425531914893614,
      "median_total_issues": 0,
      "avg_total_issues_raw": 0.40425531914893614,
      "median_total_issues_raw": 0,
      "avg_false_positive_count": 0,
      "median_false_positive_count": 0,
      "avg_false_positive_rate": 0.0,
      "avg_attempts": 1.9148936170212767,
      "fixer_rate": 0.5319148936170213,
      "sast_error_rate": 0.0,
      "target_issue_rate": 0.06382978723404255,
      "off_target_issue_rate": 0.1276595744680851,
      "avg_off_target_issue_count": 0.2978723404255319,
      "avg_loc_nonempty": 36.723404255319146,
      "avg_issue_density": 0.00859600559431495,
      "avg_cyclomatic_approx": 7.76595744680851,
      "avg_functionality_score": 0.6872340425531915,
      "judge_secure_rate": 0.851063829787234,
      "avg_risk_delta_first_to_final": 0.1627273934091213,
      "improved_risk_rate": 0.6170212765957447
    },
    "easy": {
      "runs": 48,
      "success_rate": 0.6875,
      "success_rate_ci95": {
        "low": 0.5466666274950367,
        "high": 0.800544878322685
      },
      "first_attempt_success_rate": 0.22916666666666666,
      "avg_risk": 0.10486078227005684,
      "avg_risk_ci95": {
        "low": 0.0489657535503275,
        "high": 0.16075581098978617
      },
      "median_risk": 0.0,
      "avg_total_issues": 0.8333333333333334,
      "median_total_issues": 0.0,
      "avg_total_issues_raw": 0.8541666666666666,
      "median_total_issues_raw": 0.0,
      "avg_false_positive_count": 0.020833333333333332,
      "median_false_positive_count": 0.0,
      "avg_false_positive_rate": 0.06666666666666667,
      "avg_attempts": 2.2291666666666665,
      "fixer_rate": 0.4583333333333333,
      "sast_error_rate": 0.0,
      "target_issue_rate": 0.10416666666666667,
      "off_target_issue_rate": 0.20833333333333334,
      "avg_off_target_issue_count": 0.5,
      "avg_loc_nonempty": 42.958333333333336,
      "avg_issue_density": 0.022185027370347138,
      "avg_cyclomatic_approx": 8.217391304347826,
      "avg_functionality_score": 0.75,
      "judge_secure_rate": 0.7021276595744681,
      "avg_risk_delta_first_to_final": 0.20157190152391835,
      "improved_risk_rate": 0.6875
    },
    "medium": {
      "runs": 50,
      "success_rate": 0.82,
      "success_rate_ci95": {
        "low": 0.6920368054529739,
        "high": 0.902299172675462
      },
      "first_attempt_success_rate": 0.34,
      "avg_risk": 0.049915652974476504,
      "avg_risk_ci95": {
        "low": 0.010987998190583402,
        "high": 0.0888433077583696
      },
      "median_risk": 0.0,
      "avg_total_issues": 0.42,
      "median_total_issues": 0.0,
      "avg_total_issues_raw": 0.42,
      "median_total_issues_raw": 0.0,
      "avg_false_positive_count": 0,
      "median_false_positive_count": 0.0,
      "avg_false_positive_rate": 0.0,
      "avg_attempts": 1.98,
      "fixer_rate": 0.48,
      "sast_error_rate": 0.0,
      "target_issue_rate": 0.06,
      "off_target_issue_rate": 0.1,
      "avg_off_target_issue_count": 0.34,
      "avg_loc_nonempty": 45.76,
      "avg_issue_density": 0.007169561211453816,
      "avg_cyclomatic_approx": 9.083333333333334,
      "avg_functionality_score": 0.674,
      "judge_secure_rate": 0.8541666666666666,
      "avg_risk_delta_first_to_final": 0.20323683861435166,
      "improved_risk_rate": 0.54
    },
    "hard": {
      "runs": 25,
      "success_rate": 0.88,
      "success_rate_ci95": {
        "low": 0.7004380781662651,
        "high": 0.9583325864293191
      },
      "first_attempt_success_rate": 0.4,
      "avg_risk": 0.04252003315833103,
      "avg_risk_ci95": {
        "low": 0.0,
        "high": 0.08942940516405684
      },
      "median_risk": 0.0,
      "avg_total_issues": 0.24,
      "median_total_issues": 0,
      "avg_total_issues_raw": 0.24,
      "median_total_issues_raw": 0,
      "avg_false_positive_count": 0,
      "median_false_positive_count": 0,
      "avg_false_positive_rate": 0.0,
      "avg_attempts": 1.8,
      "fixer_rate": 0.52,
      "sast_error_rate": 0.0,
      "target_issue_rate": 0.08,
      "off_target_issue_rate": 0.04,
      "avg_off_target_issue_count": 0.12,
      "avg_loc_nonempty": 60.56,
      "avg_issue_density": 0.003344332662642522,
      "avg_cyclomatic_approx": 9.44,
      "avg_functionality_score": 0.632,
      "judge_secure_rate": 0.88,
      "avg_risk_delta_first_to_final": 0.13570260695509015,
      "improved_risk_rate": 0.56
    },
    "very hard": {
      "runs": 83,
      "success_rate": 0.8433734939759037,
      "success_rate_ci95": {
        "low": 0.7502466907604597,
        "high": 0.9061207644683709
      },
      "first_attempt_success_rate": 0.3614457831325301,
      "avg_risk": 0.034748936481111804,
      "avg_risk_ci95": {
        "low": 0.013707806951930739,
        "high": 0.05579006601029287
      },
      "median_risk": 0.0,
      "avg_total_issues": 0.2289156626506024,
      "median_total_issues": 0,
      "avg_total_issues_raw": 0.2289156626506024,
      "median_total_issues_raw": 0,
      "avg_false_positive_count": 0,
      "median_false_positive_count": 0,
      "avg_false_positive_rate": 0.0,
      "avg_attempts": 1.9518072289156627,
      "fixer_rate": 0.5060240963855421,
      "sast_error_rate": 0.0,
      "target_issue_rate": 0.060240963855421686,
      "off_target_issue_rate": 0.08433734939759036,
      "avg_off_target_issue_count": 0.14457831325301204,
      "avg_loc_nonempty": 48.963855421686745,
      "avg_issue_density": 0.006285858813172242,
      "avg_cyclomatic_approx": 8.271604938271604,
      "avg_functionality_score": 0.6421686746987952,
      "judge_secure_rate": 0.8433734939759037,
      "avg_risk_delta_first_to_final": 0.16362303352272353,
      "improved_risk_rate": 0.5903614457831325
    }
  },
  "by_combo_size": {
    "2": {
      "runs": 99,
      "success_rate": 0.797979797979798,
      "success_rate_ci95": {
        "low": 0.7084540803773877,
        "high": 0.8652437228462105
      },
      "first_attempt_success_rate": 0.29292929292929293,
      "avg_risk": 0.053377935136693866,
      "avg_risk_ci95": {
        "low": 0.026976037979506134,
        "high": 0.0797798322938816
      },
      "median_risk": 0.0,
      "avg_total_issues": 0.3838383838383838,
      "median_total_issues": 0,
      "avg_total_issues_raw": 0.3939393939393939,
      "median_total_issues_raw": 0,
      "avg_false_positive_count": 0.010101010101010102,
      "median_false_positive_count": 0,
      "avg_false_positive_rate": 0.05555555555555555,
      "avg_attempts": 2.0505050505050506,
      "fixer_rate": 0.5050505050505051,
      "sast_error_rate": 0.0,
      "target_issue_rate": 0.04040404040404041,
      "off_target_issue_rate": 0.13131313131313133,