{
  "experiment": "0206_1228_PHASE_TWO_10",
  "overall": {
    "runs": 183,
    "success_rate": 0.6666666666666666,
    "avg_risk": 0.05406072502179976,
    "avg_total_issues": 0.46994535519125685,
    "avg_issue_density": 0.01177897227544476,
    "correlations": {
      "risk_vs_loc_nonempty": {
        "pearson_r": 0.10199089375940971,
        "n": 183
      },
      "risk_vs_cyclomatic_approx": {
        "pearson_r": 0.05338763820579381,
        "n": 183
      },
      "risk_vs_attempts_till_success": {
        "pearson_r": 0.3251653731989467,
        "n": 183
      },
      "risk_vs_issue_weight_sum": {
        "pearson_r": 0.9903131635343486,
        "n": 183
      },
      "risk_vs_total_issues": {
        "pearson_r": 0.918817254834122,
        "n": 183
      }
    }
  },
  "by_difficulty": {
    "very easy": {
      "runs": 47,
      "success_rate": 0.7659574468085106,
      "success_rate_ci95": {
        "low": 0.6277546774315923,
        "high": 0.8639686357607541
      },
      "first_attempt_success_rate": 0.0,
      "avg_risk": 0.03057574556186952,
      "avg_risk_ci95": {
        "low": 0.013482154367991297,
        "high": 0.04766933675574775
      },
      "median_risk": 0.0,
      "avg_total_issues": 0.2553191489361702,
      "median_total_issues": 0,
      "avg_total_issues_raw": 0.2553191489361702,
      "median_total_issues_raw": 0,
      "avg_false_positive_count": 0,
      "median_false_positive_count": 0,
      "avg_false_positive_rate": 0.0,
      "avg_attempts": 2.765957446808511,
      "fixer_rate": 0.23404255319148937,
      "sast_error_rate": 0.0,
      "target_issue_rate": 0.0,
      "off_target_issue_rate": 0.23404255319148937,
      "avg_off_target_issue_count": 0.2553191489361702,
      "avg_loc_nonempty": 40.38297872340426,
      "avg_issue_density": 0.006223936305184125,
      "avg_cyclomatic_approx": 9.106382978723405,
      "avg_functionality_score": 1.0,
      "judge_secure_rate": null,
      "avg_risk_delta_first_to_final": 0.9511871723712612,
      "improved_risk_rate": 1.0
    },
    "easy": {
      "runs": 33,
      "success_rate": 0.7272727272727273,
      "success_rate_ci95": {
        "low": 0.5578211674561319,
        "high": 0.849327273436772
      },
      "first_attempt_success_rate": 0.0,
      "avg_risk": 0.03823953823953824,
      "avg_risk_ci95": {
        "low": 0.011609148927040184,
        "high": 0.0648699275520363
      },
      "median_risk": 0.0,
      "avg_total_issues": 0.30303030303030304,
      "median_total_issues": 0,
      "avg_total_issues_raw": 0.30303030303030304,
      "median_total_issues_raw": 0,
      "avg_false_positive_count": 0,
      "median_false_positive_count": 0,
      "avg_false_positive_rate": 0.0,
      "avg_attempts": 2.696969696969697,
      "fixer_rate": 0.15151515151515152,
      "sast_error_rate": 0.0,
      "target_issue_rate": 0.0,
      "off_target_issue_rate": 0.24242424242424243,
      "avg_off_target_issue_count": 0.30303030303030304,
      "avg_loc_nonempty": 44.484848484848484,
      "avg_issue_density": 0.006607544759833729,
      "avg_cyclomatic_approx": 10.545454545454545,
      "avg_functionality_score": 1.0,
      "judge_secure_rate": null,
      "avg_risk_delta_first_to_final": 0.9605654761904762,
      "improved_risk_rate": 1.0
    },
    "medium": {
      "runs": 25,
      "success_rate": 0.56,
      "success_rate_ci95": {
        "low": 0.37067017019564436,
        "high": 0.7333462505299744
      },
      "first_attempt_success_rate": 0.0,
      "avg_risk": 0.07855125266889973,
      "avg_risk_ci95": {
        "low": 0.03859859282308774,
        "high": 0.11850391251471172
      },
      "median_risk": 0.0,
      "avg_total_issues": 0.76,
      "median_total_issues": 0,
      "avg_total_issues_raw": 0.76,
      "median_total_issues_raw": 0,
      "avg_false_positive_count": 0,
      "median_false_positive_count": 0,
      "avg_false_positive_rate": 0.0,
      "avg_attempts": 2.76,
      "fixer_rate": 0.16,
      "sast_error_rate": 0.0,
      "target_issue_rate": 0.0,
      "off_target_issue_rate": 0.44,
      "avg_off_target_issue_count": 0.76,
      "avg_loc_nonempty": 43.64,
      "avg_issue_density": 0.018193322197451976,
      "avg_cyclomatic_approx": 9.64,
      "avg_functionality_score": 1.0,
      "judge_secure_rate": null,
      "avg_risk_delta_first_to_final": 0.8598801198801199,
      "improved_risk_rate": 0.96
    },
    "hard": {
      "runs": 32,
      "success_rate": 0.625,
      "success_rate_ci95": {
        "low": 0.45254100589525126,
        "high": 0.7706633153404079
      },
      "first_attempt_success_rate": 0.0,
      "avg_risk": 0.052445355982085114,
      "avg_risk_ci95": {
        "low": 0.025158770056343285,
        "high": 0.07973194190782694
      },
      "median_risk": 0.0,
      "avg_total_issues": 0.5,
      "median_total_issues": 0.0,
      "avg_total_issues_raw": 0.5,
      "median_total_issues_raw": 0.0,
      "avg_false_positive_count": 0,
      "median_false_positive_count": 0.0,
      "avg_false_positive_rate": 0.0,
      "avg_attempts": 2.84375,
      "fixer_rate": 0.15625,
      "sast_error_rate": 0.0,
      "target_issue_rate": 0.0625,
      "off_target_issue_rate": 0.34375,
      "avg_off_target_issue_count": 0.4375,
      "avg_loc_nonempty": 39.125,
      "avg_issue_density": 0.015035142830459328,
      "avg_cyclomatic_approx": 8,
      "avg_functionality_score": 1.0,
      "judge_secure_rate": null,
      "avg_risk_delta_first_to_final": 0.9173127085340439,
      "improved_risk_rate": 1.0
    },
    "very hard": {
      "runs": 46,
      "success_rate": 0.6086956521739131,
      "success_rate_ci95": {
        "low": 0.4645658371764493,
        "high": 0.7360697764475116
      },
      "first_attempt_success_rate": 0.0,
      "avg_risk": 0.07721989494625023,
      "avg_risk_ci95": {
        "low": 0.0455621830199355,
        "high": 0.10887760687256495
      },
      "median_risk": 0.0,
      "avg_total_issues": 0.6304347826086957,
      "median_total_issues": 0.0,
      "avg_total_issues_raw": 0.6304347826086957,
      "median_total_issues_raw": 0.0,
      "avg_false_positive_count": 0,
      "median_false_positive_count": 0.0,
      "avg_false_positive_rate": 0.0,
      "avg_attempts": 2.8260869565217392,
      "fixer_rate": 0.2826086956521739,
      "sast_error_rate": 0.0,
      "target_issue_rate": 0.10869565217391304,
      "off_target_issue_rate": 0.30434782608695654,
      "avg_off_target_issue_count": 0.391304347826087,
      "avg_loc_nonempty": 46.69565217391305,
      "avg_issue_density": 0.015301062825252506,
      "avg_cyclomatic_approx": 9.565217391304348,
      "avg_functionality_score": 1.0,
      "judge_secure_rate": null,
      "avg_risk_delta_first_to_final": 0.9049123266142024,
      "improved_risk_rate": 1.0
    }
  },
  "by_combo_size": {
    "2": {
      "runs": 76,
      "success_rate": 0.7631578947368421,
      "success_rate_ci95": {
        "low": 0.6563840337948657,
        "high": 0.8446079302940304
      },
      "first_attempt_success_rate": 0.0,
      "avg_risk": 0.03236511996102789,
      "avg_risk_ci95": {
        "low": 0.017972383625115267,
        "high": 0.04675785629694051
      },
      "median_risk": 0.0,
      "avg_total_issues": 0.27631578947368424,
      "median_total_issues": 0.0,
      "avg_total_issues_raw": 0.27631578947368424,
      "median_total_issues_raw": 0.0,
      "avg_false_positive_count": 0,
      "median_false_positive_count": 0.0,
      "avg_false_positive_rate": 0.0,
      "avg_attempts": 2.723684210526316,
      "fixer_rate": 0.2631578947368421,
      "sast_error_rate": 0.0,
      "target_issue_rate": 0.0,
      "off_target_issue_rate": 0.23684210526315788,
      "avg_off_target_issue_count": 0.27631578947368424,
      "avg_loc_nonempty": 38.4078947368421,
      "avg_issue_density": 0.00760887387206532,
      "avg_cyclomatic_approx": 8.907894736842104,
      "avg_functionality_score": 1.0,
      "judge_secure_rate": null,