{
  "experiment": "0208_1425_PHASE_THREE",
  "overall": {
    "runs": 163,
    "success_rate": 0.7852760736196319,
    "avg_risk": 0.06755370529710354,
    "avg_total_issues": 0.4110429447852761,
    "avg_issue_density": 0.011883163301941176,
    "correlations": {
      "risk_vs_loc_nonempty": {
        "pearson_r": 0.009723290416122975,
        "n": 163
      },
      "risk_vs_cyclomatic_approx": {
        "pearson_r": 0.011579476293739434,
        "n": 163
      },
      "risk_vs_attempts_till_success": {
        "pearson_r": 0.6799032552958358,
        "n": 163
      },
      "risk_vs_issue_weight_sum": {
        "pearson_r": 0.9458488483651988,
        "n": 163
      },
      "risk_vs_total_issues": {
        "pearson_r": 0.9633220021926575,
        "n": 163
      }
    }
  },
  "by_difficulty": {
    "very easy": {
      "runs": 43,
      "success_rate": 0.8837209302325582,
      "success_rate_ci95": {
        "low": 0.755205511093586,
        "high": 0.9492964700513791
      },
      "first_attempt_success_rate": 0.4186046511627907,
      "avg_risk": 0.04879926275275112,
      "avg_risk_ci95": {
        "low": 0.003554216926175774,
        "high": 0.09404430857932647
      },
      "median_risk": 0.0,
      "avg_total_issues": 0.37209302325581395,
      "median_total_issues": 0,
      "avg_total_issues_raw": 0.37209302325581395,
      "median_total_issues_raw": 0,
      "avg_false_positive_count": 0,
      "median_false_positive_count": 0,
      "avg_false_positive_rate": 0.0,
      "avg_attempts": 1.7674418604651163,
      "fixer_rate": 0.4883720930232558,
      "sast_error_rate": 0.0,
      "target_issue_rate": 0.046511627906976744,
      "off_target_issue_rate": 0.06976744186046512,
      "avg_off_target_issue_count": 0.20930232558139536,
      "avg_loc_nonempty": 37.30232558139535,
      "avg_issue_density": 0.008575608464331743,
      "avg_cyclomatic_approx": 7.488372093023256,
      "avg_functionality_score": 0.9883720930232558,
      "judge_secure_rate": 0.9302325581395349,
      "avg_risk_delta_first_to_final": 0.1754194598446891,
      "improved_risk_rate": 0.5581395348837209
    },
    "easy": {
      "runs": 39,
      "success_rate": 0.6923076923076923,
      "success_rate_ci95": {
        "low": 0.535784513844354,
        "high": 0.8143424655401694
      },
      "first_attempt_success_rate": 0.46153846153846156,
      "avg_risk": 0.09883190016969282,
      "avg_risk_ci95": {
        "low": 0.04807312184829241,
        "high": 0.14959067849109323
      },
      "median_risk": 0.0,
      "avg_total_issues": 0.5641025641025641,
      "median_total_issues": 0,
      "avg_total_issues_raw": 0.5641025641025641,
      "median_total_issues_raw": 0,
      "avg_false_positive_count": 0,
      "median_false_positive_count": 0,
      "avg_false_positive_rate": 0.0,
      "avg_attempts": 1.8717948717948718,
      "fixer_rate": 0.23076923076923078,
      "sast_error_rate": 0.0,
      "target_issue_rate": 0.10256410256410256,
      "off_target_issue_rate": 0.28205128205128205,
      "avg_off_target_issue_count": 0.41025641025641024,
      "avg_loc_nonempty": 35.48717948717949,
      "avg_issue_density": 0.018503249390734916,
      "avg_cyclomatic_approx": 6.794871794871795,
      "avg_functionality_score": 0.9743589743589743,
      "judge_secure_rate": 0.8717948717948718,
      "avg_risk_delta_first_to_final": 0.08620300794213838,
      "improved_risk_rate": 0.4358974358974359
    },
    "medium": {
      "runs": 26,
      "success_rate": 0.7692307692307693,
      "success_rate_ci95": {
        "low": 0.5794807424804321,
        "high": 0.8896630031632332
      },
      "first_attempt_success_rate": 0.38461538461538464,
      "avg_risk": 0.05920745920745921,
      "avg_risk_ci95": {
        "low": 0.015349603789095945,
        "high": 0.10306531462582247
      },
      "median_risk": 0.0,
      "avg_total_issues": 0.3076923076923077,
      "median_total_issues": 0.0,
      "avg_total_issues_raw": 0.3076923076923077,
      "median_total_issues_raw": 0.0,
      "avg_false_positive_count": 0,
      "median_false_positive_count": 0.0,
      "avg_false_positive_rate": 0.0,
      "avg_attempts": 1.8461538461538463,
      "fixer_rate": 0.38461538461538464,
      "sast_error_rate": 0.0,
      "target_issue_rate": 0.038461538461538464,
      "off_target_issue_rate": 0.19230769230769232,
      "avg_off_target_issue_count": 0.2692307692307692,
      "avg_loc_nonempty": 42.65384615384615,
      "avg_issue_density": 0.008097031173954251,
      "avg_cyclomatic_approx": 8.5,
      "avg_functionality_score": 0.9807692307692307,
      "judge_secure_rate": 0.9615384615384616,
      "avg_risk_delta_first_to_final": 0.10470633429923017,
      "improved_risk_rate": 0.5
    },
    "hard": {
      "runs": 20,
      "success_rate": 0.8,
      "success_rate_ci95": {
        "low": 0.5839782779742401,
        "high": 0.9193436467288
      },
      "first_attempt_success_rate": 0.3,
      "avg_risk": 0.06642857142857143,
      "avg_risk_ci95": {
        "low": 0.0008484235980451421,
        "high": 0.13200871925909774
      },
      "median_risk": 0.0,
      "avg_total_issues": 0.45,
      "median_total_issues": 0.0,
      "avg_total_issues_raw": 0.45,
      "median_total_issues_raw": 0.0,
      "avg_false_positive_count": 0,
      "median_false_positive_count": 0.0,
      "avg_false_positive_rate": 0.0,
      "avg_attempts": 2,
      "fixer_rate": 0.5,
      "sast_error_rate": 0.0,
      "target_issue_rate": 0.0,
      "off_target_issue_rate": 0.2,
      "avg_off_target_issue_count": 0.45,
      "avg_loc_nonempty": 52.65,
      "avg_issue_density": 0.011139497346393898,
      "avg_cyclomatic_approx": 7.85,
      "avg_functionality_score": 0.975,
      "judge_secure_rate": 0.85,
      "avg_risk_delta_first_to_final": 0.14068526176472204,
      "improved_risk_rate": 0.6
    },
    "very hard": {
      "runs": 35,
      "success_rate": 0.7714285714285715,
      "success_rate_ci95": {
        "low": 0.6098236221989801,
        "high": 0.879342632538209
      },
      "first_attempt_success_rate": 0.45714285714285713,
      "avg_risk": 0.06258503401360545,
      "avg_risk_ci95": {
        "low": 0.020780008828599823,
        "high": 0.10439005919861108
      },
      "median_risk": 0.0,
      "avg_total_issues": 0.34285714285714286,
      "median_total_issues": 0,
      "avg_total_issues_raw": 0.34285714285714286,
      "median_total_issues_raw": 0,
      "avg_false_positive_count": 0,
      "median_false_positive_count": 0,
      "avg_false_positive_rate": 0.0,
      "avg_attempts": 1.8571428571428572,
      "fixer_rate": 0.34285714285714286,
      "sast_error_rate": 0.0,
      "target_issue_rate": 0.02857142857142857,
      "off_target_issue_rate": 0.2,
      "avg_off_target_issue_count": 0.2857142857142857,
      "avg_loc_nonempty": 40.6,
      "avg_issue_density": 0.011807570587451324,
      "avg_cyclomatic_approx": 6.514285714285714,
      "avg_functionality_score": 0.9657142857142857,
      "judge_secure_rate": 0.8285714285714286,
      "avg_risk_delta_first_to_final": 0.12195291536478085,
      "improved_risk_rate": 0.5142857142857142
    }
  },
  "by_combo_size": {
    "2": {
      "runs": 77,
      "success_rate": 0.7532467532467533,
      "success_rate_ci95": {
        "low": 0.6464643724401389,
        "high": 0.8359605177154248
      },
      "first_attempt_success_rate": 0.44155844155844154,
      "avg_risk": 0.08055622149354504,
      "avg_risk_ci95": {
        "low": 0.04479720367021064,
        "high": 0.11631523931687943
      },
      "median_risk": 0.0,
      "avg_total_issues": 0.4935064935064935,
      "median_total_issues": 0,
      "avg_total_issues_raw": 0.4935064935064935,
      "median_total_issues_raw": 0,
      "avg_false_positive_count": 0,
      "median_false_positive_count": 0,
      "avg_false_positive_rate": 0.0,
      "avg_attempts": 1.87012987012987,
      "fixer_rate": 0.33766233766233766,
      "sast_error_rate": 0.0,