{
  "experiment": "0208_1201_PHASE_ONE_5",
  "overall": {
    "runs": 146,
    "success_rate": 0.7671232876712328,
    "avg_risk": 0.07248412695107156,
    "avg_total_issues": 0.4383561643835616,
    "avg_issue_density": 0.012679735154124148,
    "correlations": {
      "risk_vs_loc_nonempty": {
        "pearson_r": 0.02141656474016258,
        "n": 146
      },
      "risk_vs_cyclomatic_approx": {
        "pearson_r": 0.0014759611296923732,
        "n": 146
      },
      "risk_vs_attempts_till_success": {
        "pearson_r": 0.7094588983374477,
        "n": 146
      },
      "risk_vs_issue_weight_sum": {
        "pearson_r": 0.9435515270692122,
        "n": 146
      },
      "risk_vs_total_issues": {
        "pearson_r": 0.9611378173086337,
        "n": 146
      }
    }
  },
  "by_difficulty": {
    "very easy": {
      "runs": 43,
      "success_rate": 0.8837209302325582,
      "success_rate_ci95": {
        "low": 0.755205511093586,
        "high": 0.9492964700513791
      },
      "first_attempt_success_rate": 0.4186046511627907,
      "avg_risk": 0.04879926275275112,
      "avg_risk_ci95": {
        "low": 0.003554216926175774,
        "high": 0.09404430857932647
      },
      "median_risk": 0.0,
      "avg_total_issues": 0.37209302325581395,
      "median_total_issues": 0,
      "avg_total_issues_raw": 0.37209302325581395,
      "median_total_issues_raw": 0,
      "avg_false_positive_count": 0,
      "median_false_positive_count": 0,
      "avg_false_positive_rate": 0.0,
      "avg_attempts": 1.7674418604651163,
      "fixer_rate": 0.4883720930232558,
      "sast_error_rate": 0.0,
      "target_issue_rate": 0.046511627906976744,
      "off_target_issue_rate": 0.06976744186046512,
      "avg_off_target_issue_count": 0.20930232558139536,
      "avg_loc_nonempty": 37.30232558139535,
      "avg_issue_density": 0.008575608464331743,
      "avg_cyclomatic_approx": 7.488372093023256,
      "avg_functionality_score": 0.9883720930232558,
      "judge_secure_rate": 0.9302325581395349,
      "avg_risk_delta_first_to_final": 0.1754194598446891,
      "improved_risk_rate": 0.5581395348837209
    },
    "easy": {
      "runs": 39,
      "success_rate": 0.6923076923076923,
      "success_rate_ci95": {
        "low": 0.535784513844354,
        "high": 0.8143424655401694
      },
      "first_attempt_success_rate": 0.46153846153846156,
      "avg_risk": 0.09883190016969282,
      "avg_risk_ci95": {
        "low": 0.04807312184829241,
        "high": 0.14959067849109323
      },
      "median_risk": 0.0,
      "avg_total_issues": 0.5641025641025641,
      "median_total_issues": 0,
      "avg_total_issues_raw": 0.5641025641025641,
      "median_total_issues_raw": 0,
      "avg_false_positive_count": 0,
      "median_false_positive_count": 0,
      "avg_false_positive_rate": 0.0,
      "avg_attempts": 1.8717948717948718,
      "fixer_rate": 0.23076923076923078,
      "sast_error_rate": 0.0,
      "target_issue_rate": 0.10256410256410256,
      "off_target_issue_rate": 0.28205128205128205,
      "avg_off_target_issue_count": 0.41025641025641024,
      "avg_loc_nonempty": 35.48717948717949,
      "avg_issue_density": 0.018503249390734916,
      "avg_cyclomatic_approx": 6.794871794871795,
      "avg_functionality_score": 0.9743589743589743,
      "judge_secure_rate": 0.8717948717948718,
      "avg_risk_delta_first_to_final": 0.08620300794213838,
      "improved_risk_rate": 0.4358974358974359
    },
    "medium": {
      "runs": 25,
      "success_rate": 0.76,
      "success_rate_ci95": {
        "low": 0.5656994004476144,
        "high": 0.8850384226967327
      },
      "first_attempt_success_rate": 0.4,
      "avg_risk": 0.061575757575757575,
      "avg_risk_ci95": {
        "low": 0.016183449628108533,
        "high": 0.10696806552340662
      },
      "median_risk": 0.0,
      "avg_total_issues": 0.32,
      "median_total_issues": 0,
      "avg_total_issues_raw": 0.32,
      "median_total_issues_raw": 0,
      "avg_false_positive_count": 0,
      "median_false_positive_count": 0,
      "avg_false_positive_rate": 0.0,
      "avg_attempts": 1.84,
      "fixer_rate": 0.36,
      "sast_error_rate": 0.0,
      "target_issue_rate": 0.04,
      "off_target_issue_rate": 0.2,
      "avg_off_target_issue_count": 0.28,
      "avg_loc_nonempty": 43,
      "avg_issue_density": 0.00842091242091242,
      "avg_cyclomatic_approx": 8.6,
      "avg_functionality_score": 0.98,
      "judge_secure_rate": 0.96,
      "avg_risk_delta_first_to_final": 0.09648079456775109,
      "improved_risk_rate": 0.48
    },
    "hard": {
      "runs": 19,
      "success_rate": 0.7894736842105263,
      "success_rate_ci95": {
        "low": 0.5666528575973392,
        "high": 0.9149246150840843
      },
      "first_attempt_success_rate": 0.3157894736842105,
      "avg_risk": 0.06992481203007518,
      "avg_risk_ci95": {
        "low": 0.0011756930060882048,
        "high": 0.13867393105406217
      },
      "median_risk": 0.0,
      "avg_total_issues": 0.47368421052631576,
      "median_total_issues": 0,
      "avg_total_issues_raw": 0.47368421052631576,
      "median_total_issues_raw": 0,
      "avg_false_positive_count": 0,
      "median_false_positive_count": 0,
      "avg_false_positive_rate": 0.0,
      "avg_attempts": 1.9473684210526316,
      "fixer_rate": 0.47368421052631576,
      "sast_error_rate": 0.0,
      "target_issue_rate": 0.0,
      "off_target_issue_rate": 0.21052631578947367,
      "avg_off_target_issue_count": 0.47368421052631576,
      "avg_loc_nonempty": 53.63157894736842,
      "avg_issue_density": 0.01172578668041463,
      "avg_cyclomatic_approx": 8.105263157894736,
      "avg_functionality_score": 0.9736842105263158,
      "judge_secure_rate": 0.8421052631578947,
      "avg_risk_delta_first_to_final": 0.1317558109320123,
      "improved_risk_rate": 0.5789473684210527
    },
    "very hard": {
      "runs": 20,
      "success_rate": 0.65,
      "success_rate_ci95": {
        "low": 0.43285051021946463,
        "high": 0.8188104521320554
      },
      "first_attempt_success_rate": 0.45,
      "avg_risk": 0.0880952380952381,
      "avg_risk_ci95": {
        "low": 0.029504577601640464,
        "high": 0.14668589858883574
      },
      "median_risk": 0.0,
      "avg_total_issues": 0.45,
      "median_total_issues": 0.0,
      "avg_total_issues_raw": 0.45,
      "median_total_issues_raw": 0.0,
      "avg_false_positive_count": 0,
      "median_false_positive_count": 0.0,
      "avg_false_positive_rate": 0.0,
      "avg_attempts": 1.95,
      "fixer_rate": 0.25,
      "sast_error_rate": 0.0,
      "target_issue_rate": 0.05,
      "off_target_issue_rate": 0.3,
      "avg_off_target_issue_count": 0.35,
      "avg_loc_nonempty": 38,
      "avg_issue_density": 0.01637753424232553,
      "avg_cyclomatic_approx": 6.45,
      "avg_functionality_score": 0.95,
      "judge_secure_rate": 0.75,
      "avg_risk_delta_first_to_final": 0.13214785214785213,
      "improved_risk_rate": 0.55
    }
  },
  "by_combo_size": {
    "2": {
      "runs": 76,
      "success_rate": 0.75,
      "success_rate_ci95": {
        "low": 0.6422303597102302,
        "high": 0.833712006174221
      },
      "first_attempt_success_rate": 0.4473684210526316,
      "avg_risk": 0.08161617177635484,
      "avg_risk_ci95": {
        "low": 0.0454447036300138,
        "high": 0.11778763992269589
      },
      "median_risk": 0.0,
      "avg_total_issues": 0.5,
      "median_total_issues": 0.0,
      "avg_total_issues_raw": 0.5,
      "median_total_issues_raw": 0.0,
      "avg_false_positive_count": 0,
      "median_false_positive_count": 0.0,
      "avg_false_positive_rate": 0.0,
      "avg_attempts": 1.855263157894737,
      "fixer_rate": 0.32894736842105265,
      "sast_error_rate": 0.0,
      "target_issue_rate": 0.09210526315789473,
      "off_target_issue_rate": 0.18421052631578946,
      "avg_off_target_issue_count": 0.3026315789473684,
      "avg_loc_nonempty": 37.18421052631579,