{
  "experiment": "exp_0411_1638_vuln__PHASE_ONE_5",
  "overall": {
    "runs": 141,
    "success_rate": 0.723404255319149,
    "avg_risk": 0.0742516069373917,
    "avg_total_issues": 0.3829787234042553,
    "avg_issue_density": 0.008431662463865416,
    "correlations": {
      "risk_vs_loc_nonempty": {
        "pearson_r": -0.12923408565433764,
        "n": 141
      },
      "risk_vs_cyclomatic_approx": {
        "pearson_r": -0.01996785378561521,
        "n": 141
      },
      "risk_vs_attempts_till_success": {
        "pearson_r": 0.27527296986898153,
        "n": 141
      },
      "risk_vs_issue_weight_sum": {
        "pearson_r": 0.7041104945355054,
        "n": 141
      },
      "risk_vs_total_issues": {
        "pearson_r": 0.6503552001377106,
        "n": 141
      }
    }
  },
  "by_axis": {
    "Unknown": {
      "runs": 141,
      "success_rate": 0.723404255319149,
      "success_rate_ci95": {
        "low": 0.6443895323731719,
        "high": 0.7905683802707095
      },
      "first_attempt_success_rate": 0.45323741007194246,
      "avg_risk": 0.0742516069373917,
      "avg_risk_ci95": {
        "low": 0.0463931714106976,
        "high": 0.10211004246408581
      },
      "median_risk": 0.0,
      "avg_total_issues": 0.3829787234042553,
      "median_total_issues": 0,
      "avg_total_issues_raw": 0.40425531914893614,
      "median_total_issues_raw": 0,
      "avg_false_positive_count": 0.02127659574468085,
      "median_false_positive_count": 0,
      "avg_false_positive_rate": 0.034313725490196074,
      "avg_attempts": 1.822695035460993,
      "fixer_rate": 0.2765957446808511,
      "sast_error_rate": 0.0,
      "target_issue_rate": 0.10638297872340426,
      "off_target_issue_rate": 0.15602836879432624,
      "avg_off_target_issue_count": 0.22695035460992907,
      "avg_loc_nonempty": 49.156028368794324,
      "avg_issue_density": 0.008431662463865416,
      "avg_cyclomatic_approx": 9.169117647058824,
      "avg_functionality_score": 0.9989361702127659,
      "judge_secure_rate": 0.75,
      "avg_risk_delta_first_to_final": 0.13017000488632574,
      "improved_risk_rate": 0.48201438848920863
    }
  },
  "by_difficulty": {
    "unknown": {
      "runs": 141,
      "success_rate": 0.723404255319149,
      "success_rate_ci95": {
        "low": 0.6443895323731719,
        "high": 0.7905683802707095
      },
      "first_attempt_success_rate": 0.45323741007194246,
      "avg_risk": 0.0742516069373917,
      "avg_risk_ci95": {
        "low": 0.0463931714106976,
        "high": 0.10211004246408581
      },
      "median_risk": 0.0,
      "avg_total_issues": 0.3829787234042553,
      "median_total_issues": 0,
      "avg_total_issues_raw": 0.40425531914893614,
      "median_total_issues_raw": 0,
      "avg_false_positive_count": 0.02127659574468085,
      "median_false_positive_count": 0,
      "avg_false_positive_rate": 0.034313725490196074,
      "avg_attempts": 1.822695035460993,
      "fixer_rate": 0.2765957446808511,
      "sast_error_rate": 0.0,
      "target_issue_rate": 0.10638297872340426,
      "off_target_issue_rate": 0.15602836879432624,
      "avg_off_target_issue_count": 0.22695035460992907,
      "avg_loc_nonempty": 49.156028368794324,
      "avg_issue_density": 0.008431662463865416,
      "avg_cyclomatic_approx": 9.169117647058824,
      "avg_functionality_score": 0.9989361702127659,
      "judge_secure_rate": 0.75,
      "avg_risk_delta_first_to_final": 0.13017000488632574,
      "improved_risk_rate": 0.48201438848920863
    }
  },
  "by_combo_size": {
    "1": {
      "runs": 63,
      "success_rate": 0.7142857142857143,
      "success_rate_ci95": {
        "low": 0.5929704958526203,
        "high": 0.8109695654265832
      },
      "first_attempt_success_rate": 0.3548387096774194,
      "avg_risk": 0.056313223877061,
      "avg_risk_ci95": {
        "low": 0.018746147038867476,
        "high": 0.09388030071525452
      },
      "median_risk": 0.0,
      "avg_total_issues": 0.30158730158730157,
      "median_total_issues": 0,
      "avg_total_issues_raw": 0.3333333333333333,
      "median_total_issues_raw": 0,
      "avg_false_positive_count": 0.031746031746031744,
      "median_false_positive_count": 0,
      "avg_false_positive_rate": 0.05952380952380952,
      "avg_attempts": 1.9047619047619047,
      "fixer_rate": 0.36507936507936506,
      "sast_error_rate": 0.0,
      "target_issue_rate": 0.06349206349206349,
      "off_target_issue_rate": 0.15873015873015872,
      "avg_off_target_issue_count": 0.19047619047619047,
      "avg_loc_nonempty": 44.095238095238095,
      "avg_issue_density": 0.006983228701723505,
      "avg_cyclomatic_approx": 7.482758620689655,
      "avg_functionality_score": 0.9992063492063492,
      "judge_secure_rate": 0.7627118644067796,
      "avg_risk_delta_first_to_final": 0.18158742442936296,
      "improved_risk_rate": 0.5806451612903226
    },
    "2": {
      "runs": 46,
      "success_rate": 0.7391304347826086,
      "success_rate_ci95": {
        "low": 0.5974057019172069,
        "high": 0.8439926480555066
      },
      "first_attempt_success_rate": 0.5777777777777777,
      "avg_risk": 0.08598934147138305,
      "avg_risk_ci95": {
        "low": 0.03062415313114107,
        "high": 0.14135452981162505
      },
      "median_risk": 0.0,
      "avg_total_issues": 0.391304347826087,
      "median_total_issues": 0.0,
      "avg_total_issues_raw": 0.41304347826086957,
      "median_total_issues_raw": 0.0,
      "avg_false_positive_count": 0.021739130434782608,
      "median_false_positive_count": 0.0,
      "avg_false_positive_rate": 0.0303030303030303,
      "avg_attempts": 1.6956521739130435,
      "fixer_rate": 0.17391304347826086,
      "sast_error_rate": 0.0,
      "target_issue_rate": 0.10869565217391304,
      "off_target_issue_rate": 0.17391304347826086,
      "avg_off_target_issue_count": 0.2826086956521739,
      "avg_loc_nonempty": 48.391304347826086,
      "avg_issue_density": 0.00870448011337234,
      "avg_cyclomatic_approx": 10.043478260869565,
      "avg_functionality_score": 0.9978260869565218,
      "judge_secure_rate": 0.7555555555555555,
      "avg_risk_delta_first_to_final": 0.06943549814251718,
      "improved_risk_rate": 0.35555555555555557
    },
    "3": {
      "runs": 23,
      "success_rate": 0.6521739130434783,
      "success_rate_ci95": {
        "low": 0.4488997690689164,
        "high": 0.8118894536301776
      },
      "first_attempt_success_rate": 0.391304347826087,
      "avg_risk": 0.10722755505364201,
      "avg_risk_ci95": {
        "low": 0.038381547435847055,
        "high": 0.17607356267143698
      },
      "median_risk": 0.0,
      "avg_total_issues": 0.5652173913043478,
      "median_total_issues": 0,
      "avg_total_issues_raw": 0.5652173913043478,
      "median_total_issues_raw": 0,
      "avg_false_positive_count": 0,
      "median_false_positive_count": 0,
      "avg_false_positive_rate": 0.0,
      "avg_attempts": 2,
      "fixer_rate": 0.2608695652173913,
      "sast_error_rate": 0.0,
      "target_issue_rate": 0.21739130434782608,
      "off_target_issue_rate": 0.13043478260869565,
      "avg_off_target_issue_count": 0.2608695652173913,
      "avg_loc_nonempty": 57.65217391304348,
      "avg_issue_density": 0.011552462817715464,
      "avg_cyclomatic_approx": 10.08695652173913,
      "avg_functionality_score": 1.0,
      "judge_secure_rate": 0.6521739130434783,
      "avg_risk_delta_first_to_final": 0.10811636236176655,
      "improved_risk_rate": 0.5217391304347826
    },
    "4": {
      "runs": 9,
      "success_rate": 0.8888888888888888,
      "success_rate_ci95": {
        "low": 0.5649937852319399,
        "high": 0.9801096286728695
      },
      "first_attempt_success_rate": 0.6666666666666666,
      "avg_risk": 0.05555555555555555,
      "avg_risk_ci95": {
        "low": 0.0,
        "high": 0.16444444444444445
      },
      "median_risk": 0.0,
      "avg_total_issues": 0.4444444444444444,
      "median_total_issues": 0,