{
  "experiment": "0208_2349_PHASE_TWO_10",
  "overall": {
    "runs": 246,
    "success_rate": 0.7113821138211383,
    "avg_risk": 0.10360570371299584,
    "avg_total_issues": 0.6910569105691057,
    "avg_issue_density": 0.019929508965903602,
    "correlations": {
      "risk_vs_loc_nonempty": {
        "pearson_r": -0.05328142430892739,
        "n": 246
      },
      "risk_vs_cyclomatic_approx": {
        "pearson_r": -0.04301401793728793,
        "n": 246
      },
      "risk_vs_attempts_till_success": {
        "pearson_r": 0.7252099344352494,
        "n": 246
      },
      "risk_vs_issue_weight_sum": {
        "pearson_r": 0.964448011160545,
        "n": 246
      },
      "risk_vs_total_issues": {
        "pearson_r": 0.9375761202355903,
        "n": 246
      }
    }
  },
  "by_difficulty": {
    "very easy": {
      "runs": 60,
      "success_rate": 0.7166666666666667,
      "success_rate_ci95": {
        "low": 0.5923247495026482,
        "high": 0.8149332139569141
      },
      "first_attempt_success_rate": 0.45,
      "avg_risk": 0.10606435811039391,
      "avg_risk_ci95": {
        "low": 0.060550047730094626,
        "high": 0.1515786684906932
      },
      "median_risk": 0.0,
      "avg_total_issues": 0.65,
      "median_total_issues": 0.0,
      "avg_total_issues_raw": 0.65,
      "median_total_issues_raw": 0.0,
      "avg_false_positive_count": 0,
      "median_false_positive_count": 0.0,
      "avg_false_positive_rate": 0.0,
      "avg_attempts": 1.85,
      "fixer_rate": 0.26666666666666666,
      "sast_error_rate": 0.0,
      "target_issue_rate": 0.1,
      "off_target_issue_rate": 0.21666666666666667,
      "avg_off_target_issue_count": 0.4666666666666667,
      "avg_loc_nonempty": 32.61666666666667,
      "avg_issue_density": 0.021831113225514127,
      "avg_cyclomatic_approx": 7.333333333333333,
      "avg_functionality_score": 0.9766666666666667,
      "judge_secure_rate": 0.85,
      "avg_risk_delta_first_to_final": 0.08958382693605689,
      "improved_risk_rate": 0.38333333333333336
    },
    "easy": {
      "runs": 48,
      "success_rate": 0.7083333333333334,
      "success_rate_ci95": {
        "low": 0.5682047226383247,
        "high": 0.8175858393813662
      },
      "first_attempt_success_rate": 0.4375,
      "avg_risk": 0.10103183853183853,
      "avg_risk_ci95": {
        "low": 0.05258910340466268,
        "high": 0.14947457365901437
      },
      "median_risk": 0.0,
      "avg_total_issues": 0.6458333333333334,
      "median_total_issues": 0.0,
      "avg_total_issues_raw": 0.6458333333333334,
      "median_total_issues_raw": 0.0,
      "avg_false_positive_count": 0,
      "median_false_positive_count": 0.0,
      "avg_false_positive_rate": 0.0,
      "avg_attempts": 1.9166666666666667,
      "fixer_rate": 0.2916666666666667,
      "sast_error_rate": 0.0,
      "target_issue_rate": 0.0625,
      "off_target_issue_rate": 0.22916666666666666,
      "avg_off_target_issue_count": 0.5416666666666666,
      "avg_loc_nonempty": 39.354166666666664,
      "avg_issue_density": 0.01958478920346284,
      "avg_cyclomatic_approx": 7.145833333333333,
      "avg_functionality_score": 0.9791666666666666,
      "judge_secure_rate": 0.8541666666666666,
      "avg_risk_delta_first_to_final": 0.07383687814964113,
      "improved_risk_rate": 0.4375
    },
    "medium": {
      "runs": 31,
      "success_rate": 0.8387096774193549,
      "success_rate_ci95": {
        "low": 0.6736529727502113,
        "high": 0.9290748009456006
      },
      "first_attempt_success_rate": 0.4838709677419355,
      "avg_risk": 0.047737209027531605,
      "avg_risk_ci95": {
        "low": 0.0030617167872241183,
        "high": 0.0924127012678391
      },
      "median_risk": 0.0,
      "avg_total_issues": 0.2903225806451613,
      "median_total_issues": 0,
      "avg_total_issues_raw": 0.2903225806451613,
      "median_total_issues_raw": 0,
      "avg_false_positive_count": 0,
      "median_false_positive_count": 0,
      "avg_false_positive_rate": 0.0,
      "avg_attempts": 1.7096774193548387,
      "fixer_rate": 0.3548387096774194,
      "sast_error_rate": 0.0,
      "target_issue_rate": 0.06451612903225806,
      "off_target_issue_rate": 0.0967741935483871,
      "avg_off_target_issue_count": 0.16129032258064516,
      "avg_loc_nonempty": 43.774193548387096,
      "avg_issue_density": 0.008243727598566309,
      "avg_cyclomatic_approx": 8.966666666666667,
      "avg_functionality_score": 0.9806451612903225,
      "judge_secure_rate": 0.8709677419354839,
      "avg_risk_delta_first_to_final": 0.07871039666271083,
      "improved_risk_rate": 0.4838709677419355
    },
    "hard": {
      "runs": 61,
      "success_rate": 0.7049180327868853,
      "success_rate_ci95": {
        "low": 0.5811036064161055,
        "high": 0.8044513459601468
      },
      "first_attempt_success_rate": 0.32786885245901637,
      "avg_risk": 0.13285262164219022,
      "avg_risk_ci95": {
        "low": 0.0779814630022448,
        "high": 0.18772378028213565
      },
      "median_risk": 0.0,
      "avg_total_issues": 1.0163934426229508,
      "median_total_issues": 0,
      "avg_total_issues_raw": 1.0163934426229508,
      "median_total_issues_raw": 0,
      "avg_false_positive_count": 0,
      "median_false_positive_count": 0,
      "avg_false_positive_rate": 0.0,
      "avg_attempts": 2.0163934426229506,
      "fixer_rate": 0.3770491803278688,
      "sast_error_rate": 0.0,
      "target_issue_rate": 0.09836065573770492,
      "off_target_issue_rate": 0.2459016393442623,
      "avg_off_target_issue_count": 0.819672131147541,
      "avg_loc_nonempty": 47.557377049180324,
      "avg_issue_density": 0.027027074841711077,
      "avg_cyclomatic_approx": 8.360655737704919,
      "avg_functionality_score": 0.9590163934426229,
      "judge_secure_rate": 0.7704918032786885,
      "avg_risk_delta_first_to_final": 0.10856046668904386,
      "improved_risk_rate": 0.5245901639344263
    },
    "very hard": {
      "runs": 46,
      "success_rate": 0.6304347826086957,
      "success_rate_ci95": {
        "low": 0.48599833149184785,
        "high": 0.7547644048569049
      },
      "first_attempt_success_rate": 0.3695652173913043,
      "avg_risk": 0.10195108646126104,
      "avg_risk_ci95": {
        "low": 0.05530417700945984,
        "high": 0.14859799591306225
      },
      "median_risk": 0.0,
      "avg_total_issues": 0.6304347826086957,
      "median_total_issues": 0.0,
      "avg_total_issues_raw": 0.6304347826086957,
      "median_total_issues_raw": 0.0,
      "avg_false_positive_count": 0,
      "median_false_positive_count": 0.0,
      "avg_false_positive_rate": 0.0,
      "avg_attempts": 2.0652173913043477,
      "fixer_rate": 0.2608695652173913,
      "sast_error_rate": 0.0,
      "target_issue_rate": 0.15217391304347827,
      "off_target_issue_rate": 0.17391304347826086,
      "avg_off_target_issue_count": 0.2826086956521739,
      "avg_loc_nonempty": 41.32608695652174,
      "avg_issue_density": 0.016272074117723717,
      "avg_cyclomatic_approx": 7.568181818181818,
      "avg_functionality_score": 0.9543478260869566,
      "judge_secure_rate": 0.7391304347826086,
      "avg_risk_delta_first_to_final": 0.0925705930835248,
      "improved_risk_rate": 0.5
    }
  },
  "by_combo_size": {
    "2": {
      "runs": 121,
      "success_rate": 0.6859504132231405,
      "success_rate_ci95": {
        "low": 0.5986092903996338,
        "high": 0.7618474804203492
      },
      "first_attempt_success_rate": 0.4462809917355372,
      "avg_risk": 0.11311933991902709,
      "avg_risk_ci95": {
        "low": 0.0803009857555163,
        "high": 0.14593769408253787
      },
      "median_risk": 0.0,
      "avg_total_issues": 0.7107438016528925,
      "median_total_issues": 0,
      "avg_total_issues_raw": 0.7107438016528925,
      "median_total_issues_raw": 0,
      "avg_false_positive_count": 0,
      "median_false_positive_count": 0,
      "avg_false_positive_rate": 0.0,