{
  "experiment": "0208_2019_PHASE_ONE_5",
  "overall": {
    "runs": 229,
    "success_rate": 0.6986899563318777,
    "avg_risk": 0.10755397491814025,
    "avg_total_issues": 0.7248908296943232,
    "avg_issue_density": 0.020923051169464666,
    "correlations": {
      "risk_vs_loc_nonempty": {
        "pearson_r": -0.04606758637293688,
        "n": 229
      },
      "risk_vs_cyclomatic_approx": {
        "pearson_r": -0.052402544626523384,
        "n": 229
      },
      "risk_vs_attempts_till_success": {
        "pearson_r": 0.722091156188517,
        "n": 229
      },
      "risk_vs_issue_weight_sum": {
        "pearson_r": 0.9634028223433891,
        "n": 229
      },
      "risk_vs_total_issues": {
        "pearson_r": 0.9381803734115219,
        "n": 229
      }
    }
  },
  "by_difficulty": {
    "very easy": {
      "runs": 60,
      "success_rate": 0.7166666666666667,
      "success_rate_ci95": {
        "low": 0.5923247495026482,
        "high": 0.8149332139569141
      },
      "first_attempt_success_rate": 0.45,
      "avg_risk": 0.10606435811039391,
      "avg_risk_ci95": {
        "low": 0.060550047730094626,
        "high": 0.1515786684906932
      },
      "median_risk": 0.0,
      "avg_total_issues": 0.65,
      "median_total_issues": 0.0,
      "avg_total_issues_raw": 0.65,
      "median_total_issues_raw": 0.0,
      "avg_false_positive_count": 0,
      "median_false_positive_count": 0.0,
      "avg_false_positive_rate": 0.0,
      "avg_attempts": 1.85,
      "fixer_rate": 0.26666666666666666,
      "sast_error_rate": 0.0,
      "target_issue_rate": 0.1,
      "off_target_issue_rate": 0.21666666666666667,
      "avg_off_target_issue_count": 0.4666666666666667,
      "avg_loc_nonempty": 32.61666666666667,
      "avg_issue_density": 0.021831113225514127,
      "avg_cyclomatic_approx": 7.333333333333333,
      "avg_functionality_score": 0.9766666666666667,
      "judge_secure_rate": 0.85,
      "avg_risk_delta_first_to_final": 0.08958382693605689,
      "improved_risk_rate": 0.38333333333333336
    },
    "easy": {
      "runs": 47,
      "success_rate": 0.7021276595744681,
      "success_rate_ci95": {
        "low": 0.5602205595363459,
        "high": 0.8134891584898374
      },
      "first_attempt_success_rate": 0.425531914893617,
      "avg_risk": 0.10318145211762234,
      "avg_risk_ci95": {
        "low": 0.05388433510349888,
        "high": 0.1524785691317458
      },
      "median_risk": 0.0,
      "avg_total_issues": 0.6595744680851063,
      "median_total_issues": 0,
      "avg_total_issues_raw": 0.6595744680851063,
      "median_total_issues_raw": 0,
      "avg_false_positive_count": 0,
      "median_false_positive_count": 0,
      "avg_false_positive_rate": 0.0,
      "avg_attempts": 1.9361702127659575,
      "fixer_rate": 0.2978723404255319,
      "sast_error_rate": 0.0,
      "target_issue_rate": 0.06382978723404255,
      "off_target_issue_rate": 0.23404255319148937,
      "avg_off_target_issue_count": 0.5531914893617021,
      "avg_loc_nonempty": 37.93617021276596,
      "avg_issue_density": 0.020001486846089708,
      "avg_cyclomatic_approx": 6.957446808510638,
      "avg_functionality_score": 0.9787234042553191,
      "judge_secure_rate": 0.851063829787234,
      "avg_risk_delta_first_to_final": 0.0754078755570803,
      "improved_risk_rate": 0.44680851063829785
    },
    "medium": {
      "runs": 31,
      "success_rate": 0.8387096774193549,
      "success_rate_ci95": {
        "low": 0.6736529727502113,
        "high": 0.9290748009456006
      },
      "first_attempt_success_rate": 0.4838709677419355,
      "avg_risk": 0.047737209027531605,
      "avg_risk_ci95": {
        "low": 0.0030617167872241183,
        "high": 0.0924127012678391
      },
      "median_risk": 0.0,
      "avg_total_issues": 0.2903225806451613,
      "median_total_issues": 0,
      "avg_total_issues_raw": 0.2903225806451613,
      "median_total_issues_raw": 0,
      "avg_false_positive_count": 0,
      "median_false_positive_count": 0,
      "avg_false_positive_rate": 0.0,
      "avg_attempts": 1.7096774193548387,
      "fixer_rate": 0.3548387096774194,
      "sast_error_rate": 0.0,
      "target_issue_rate": 0.06451612903225806,
      "off_target_issue_rate": 0.0967741935483871,
      "avg_off_target_issue_count": 0.16129032258064516,
      "avg_loc_nonempty": 43.774193548387096,
      "avg_issue_density": 0.008243727598566309,
      "avg_cyclomatic_approx": 8.966666666666667,
      "avg_functionality_score": 0.9806451612903225,
      "judge_secure_rate": 0.8709677419354839,
      "avg_risk_delta_first_to_final": 0.07871039666271083,
      "improved_risk_rate": 0.4838709677419355
    },
    "hard": {
      "runs": 56,
      "success_rate": 0.6964285714285714,
      "success_rate_ci95": {
        "low": 0.5666388751588567,
        "high": 0.8009983537922407
      },
      "first_attempt_success_rate": 0.35714285714285715,
      "avg_risk": 0.13706140163575312,
      "avg_risk_ci95": {
        "low": 0.07892833148366474,
        "high": 0.1951944717878415
      },
      "median_risk": 0.0,
      "avg_total_issues": 1.0714285714285714,
      "median_total_issues": 0.0,
      "avg_total_issues_raw": 1.0714285714285714,
      "median_total_issues_raw": 0.0,
      "avg_false_positive_count": 0,
      "median_false_positive_count": 0.0,
      "avg_false_positive_rate": 0.0,
      "avg_attempts": 2,
      "fixer_rate": 0.3392857142857143,
      "sast_error_rate": 0.0,
      "target_issue_rate": 0.08928571428571429,
      "off_target_issue_rate": 0.26785714285714285,
      "avg_off_target_issue_count": 0.8928571428571429,
      "avg_loc_nonempty": 47.17857142857143,
      "avg_issue_density": 0.028569126384633887,
      "avg_cyclomatic_approx": 8.428571428571429,
      "avg_functionality_score": 0.9589285714285715,
      "judge_secure_rate": 0.7678571428571429,
      "avg_risk_delta_first_to_final": 0.09992716405224437,
      "improved_risk_rate": 0.48214285714285715
    },
    "very hard": {
      "runs": 35,
      "success_rate": 0.5428571428571428,
      "success_rate_ci95": {
        "low": 0.38189451340137515,
        "high": 0.6953422636623914
      },
      "first_attempt_success_rate": 0.2571428571428571,
      "avg_risk": 0.12174795853275941,
      "avg_risk_ci95": {
        "low": 0.06642335291156523,
        "high": 0.1770725641539536
      },
      "median_risk": 0.0,
      "avg_total_issues": 0.7714285714285715,
      "median_total_issues": 0,
      "avg_total_issues_raw": 0.7714285714285715,
      "median_total_issues_raw": 0,
      "avg_false_positive_count": 0,
      "median_false_positive_count": 0,
      "avg_false_positive_rate": 0.0,
      "avg_attempts": 2.2857142857142856,
      "fixer_rate": 0.2857142857142857,
      "sast_error_rate": 0.0,
      "target_issue_rate": 0.17142857142857143,
      "off_target_issue_rate": 0.22857142857142856,
      "avg_off_target_issue_count": 0.37142857142857144,
      "avg_loc_nonempty": 43.17142857142857,
      "avg_issue_density": 0.019600440269008316,
      "avg_cyclomatic_approx": 7.9393939393939394,
      "avg_functionality_score": 0.9400000000000001,
      "judge_secure_rate": 0.6857142857142857,
      "avg_risk_delta_first_to_final": 0.11018239793728211,
      "improved_risk_rate": 0.5714285714285714
    }
  },
  "by_combo_size": {
    "2": {
      "runs": 121,
      "success_rate": 0.6859504132231405,
      "success_rate_ci95": {
        "low": 0.5986092903996338,
        "high": 0.7618474804203492
      },
      "first_attempt_success_rate": 0.4462809917355372,
      "avg_risk": 0.11311933991902709,
      "avg_risk_ci95": {
        "low": 0.0803009857555163,
        "high": 0.14593769408253787
      },
      "median_risk": 0.0,
      "avg_total_issues": 0.7107438016528925,
      "median_total_issues": 0,
      "avg_total_issues_raw": 0.7107438016528925,
      "median_total_issues_raw": 0,
      "avg_false_positive_count": 0,
      "median_false_positive_count": 0,