{
  "experiment": "0206_1139_PHASE_ONE_5",
  "overall": {
    "runs": 95,
    "success_rate": 0.7052631578947368,
    "avg_risk": 0.04595459819043074,
    "avg_total_issues": 0.37894736842105264,
    "avg_issue_density": 0.009980510572494421,
    "correlations": {
      "risk_vs_loc_nonempty": {
        "pearson_r": 0.11988198562741216,
        "n": 95
      },
      "risk_vs_cyclomatic_approx": {
        "pearson_r": 0.03565833726449454,
        "n": 95
      },
      "risk_vs_attempts_till_success": {
        "pearson_r": 0.34072207277069205,
        "n": 95
      },
      "risk_vs_issue_weight_sum": {
        "pearson_r": 0.9929885794699979,
        "n": 95
      },
      "risk_vs_total_issues": {
        "pearson_r": 0.9275049835097359,
        "n": 95
      }
    }
  },
  "by_difficulty": {
    "very easy": {
      "runs": 43,
      "success_rate": 0.7441860465116279,
      "success_rate_ci95": {
        "low": 0.5976131013174515,
        "high": 0.8507063412293445
      },
      "first_attempt_success_rate": 0.0,
      "avg_risk": 0.033420000962973664,
      "avg_risk_ci95": {
        "low": 0.0149512878613859,
        "high": 0.05188871406456143
      },
      "median_risk": 0.0,
      "avg_total_issues": 0.27906976744186046,
      "median_total_issues": 0,
      "avg_total_issues_raw": 0.27906976744186046,
      "median_total_issues_raw": 0,
      "avg_false_positive_count": 0,
      "median_false_positive_count": 0,
      "avg_false_positive_rate": 0.0,
      "avg_attempts": 2.744186046511628,
      "fixer_rate": 0.23255813953488372,
      "sast_error_rate": 0.0,
      "target_issue_rate": 0.0,
      "off_target_issue_rate": 0.2558139534883721,
      "avg_off_target_issue_count": 0.27906976744186046,
      "avg_loc_nonempty": 41.13953488372093,
      "avg_issue_density": 0.00680290712427102,
      "avg_cyclomatic_approx": 9.232558139534884,
      "avg_functionality_score": 1.0,
      "judge_secure_rate": null,
      "avg_risk_delta_first_to_final": 0.9466464442197506,
      "improved_risk_rate": 1.0
    },
    "easy": {
      "runs": 21,
      "success_rate": 0.7142857142857143,
      "success_rate_ci95": {
        "low": 0.500432261771624,
        "high": 0.8618632425437179
      },
      "first_attempt_success_rate": 0.0,
      "avg_risk": 0.0510204081632653,
      "avg_risk_ci95": {
        "low": 0.012071248518453495,
        "high": 0.0899695678080771
      },
      "median_risk": 0.0,
      "avg_total_issues": 0.38095238095238093,
      "median_total_issues": 0,
      "avg_total_issues_raw": 0.38095238095238093,
      "median_total_issues_raw": 0,
      "avg_false_positive_count": 0,
      "median_false_positive_count": 0,
      "avg_false_positive_rate": 0.0,
      "avg_attempts": 2.6666666666666665,
      "fixer_rate": 0.19047619047619047,
      "sast_error_rate": 0.0,
      "target_issue_rate": 0.0,
      "off_target_issue_rate": 0.2857142857142857,
      "avg_off_target_issue_count": 0.38095238095238093,
      "avg_loc_nonempty": 43.142857142857146,
      "avg_issue_density": 0.007969156429897983,
      "avg_cyclomatic_approx": 10.380952380952381,
      "avg_functionality_score": 1.0,
      "judge_secure_rate": null,
      "avg_risk_delta_first_to_final": 0.9489795918367347,
      "improved_risk_rate": 1.0
    },
    "medium": {
      "runs": 12,
      "success_rate": 0.5833333333333334,
      "success_rate_ci95": {
        "low": 0.3195073356553728,
        "high": 0.8067425380947535
      },
      "first_attempt_success_rate": 0.0,
      "avg_risk": 0.06779984721161192,
      "avg_risk_ci95": {
        "low": 0.013628583444688772,
        "high": 0.12197111097853507
      },
      "median_risk": 0.0,
      "avg_total_issues": 0.5833333333333334,
      "median_total_issues": 0.0,
      "avg_total_issues_raw": 0.5833333333333334,
      "median_total_issues_raw": 0.0,
      "avg_false_positive_count": 0,
      "median_false_positive_count": 0.0,
      "avg_false_positive_rate": 0.0,
      "avg_attempts": 2.8333333333333335,
      "fixer_rate": 0.16666666666666666,
      "sast_error_rate": 0.0,
      "target_issue_rate": 0.0,
      "off_target_issue_rate": 0.4166666666666667,
      "avg_off_target_issue_count": 0.5833333333333334,
      "avg_loc_nonempty": 39.25,
      "avg_issue_density": 0.01812049606167253,
      "avg_cyclomatic_approx": 9.583333333333334,
      "avg_functionality_score": 1.0,
      "judge_secure_rate": null,
      "avg_risk_delta_first_to_final": 0.8733766233766234,
      "improved_risk_rate": 1.0
    },
    "hard": {
      "runs": 13,
      "success_rate": 0.6153846153846154,
      "success_rate_ci95": {
        "low": 0.35522480972268555,
        "high": 0.8229055341876319
      },
      "first_attempt_success_rate": 0.0,
      "avg_risk": 0.05765249243510113,
      "avg_risk_ci95": {
        "low": 0.016081844229008962,
        "high": 0.0992231406411933
      },
      "median_risk": 0.0,
      "avg_total_issues": 0.5384615384615384,
      "median_total_issues": 0,
      "avg_total_issues_raw": 0.5384615384615384,
      "median_total_issues_raw": 0,
      "avg_false_positive_count": 0,
      "median_false_positive_count": 0,
      "avg_false_positive_rate": 0.0,
      "avg_attempts": 2.769230769230769,
      "fixer_rate": 0.07692307692307693,
      "sast_error_rate": 0.0,
      "target_issue_rate": 0.0,
      "off_target_issue_rate": 0.38461538461538464,
      "avg_off_target_issue_count": 0.5384615384615384,
      "avg_loc_nonempty": 41.38461538461539,
      "avg_issue_density": 0.016986558482722167,
      "avg_cyclomatic_approx": 8.846153846153847,
      "avg_functionality_score": 1.0,
      "judge_secure_rate": null,
      "avg_risk_delta_first_to_final": 0.8679058202199857,
      "improved_risk_rate": 1.0
    },
    "very hard": {
      "runs": 6,
      "success_rate": 0.8333333333333334,
      "success_rate_ci95": {
        "low": 0.43649056343635395,
        "high": 0.9699474141282697
      },
      "first_attempt_success_rate": 0.0,
      "avg_risk": 0.049019607843137254,
      "avg_risk_ci95": {
        "low": 0.0,
        "high": 0.1450980392156863
      },
      "median_risk": 0.0,
      "avg_total_issues": 0.3333333333333333,
      "median_total_issues": 0.0,
      "avg_total_issues_raw": 0.3333333333333333,
      "median_total_issues_raw": 0.0,
      "avg_false_positive_count": 0,
      "median_false_positive_count": 0.0,
      "avg_false_positive_rate": 0.0,
      "avg_attempts": 2.8333333333333335,
      "fixer_rate": 0.6666666666666666,
      "sast_error_rate": 0.0,
      "target_issue_rate": 0.0,
      "off_target_issue_rate": 0.16666666666666666,
      "avg_off_target_issue_count": 0.3333333333333333,
      "avg_loc_nonempty": 45.666666666666664,
      "avg_issue_density": 0.008333333333333333,
      "avg_cyclomatic_approx": 8.833333333333334,
      "avg_functionality_score": 1.0,
      "judge_secure_rate": null,
      "avg_risk_delta_first_to_final": 0.9509803921568627,
      "improved_risk_rate": 1.0
    }
  },
  "by_combo_size": {
    "2": {
      "runs": 68,
      "success_rate": 0.7647058823529411,
      "success_rate_ci95": {
        "low": 0.6514460690450258,
        "high": 0.8496563562907128
      },
      "first_attempt_success_rate": 0.0,
      "avg_risk": 0.03302152062871184,
      "avg_risk_ci95": {
        "low": 0.017580119196955048,
        "high": 0.04846292206046863
      },
      "median_risk": 0.0,
      "avg_total_issues": 0.2647058823529412,
      "median_total_issues": 0.0,
      "avg_total_issues_raw": 0.2647058823529412,
      "median_total_issues_raw": 0.0,
      "avg_false_positive_count": 0,
      "median_false_positive_count": 0.0,
      "avg_false_positive_rate": 0.0,
      "avg_attempts": 2.7205882352941178,
      "fixer_rate": 0.2647058823529412,
      "sast_error_rate": 0.0,
      "target_issue_rate": 0.0,
      "off_target_issue_rate": 0.23529411764705882,
      "avg_off_target_issue_count": 0.2647058823529412,
      "avg_loc_nonempty": 38.64705882352941,