{
  "experiment": "exp_0212_2358_vuln__PHASE_TWO_10",
  "overall": {
    "runs": 29,
    "success_rate": 0.4827586206896552,
    "avg_risk": 0.18310042447973482,
    "avg_total_issues": 1.3448275862068966,
    "avg_issue_density": 0.03603521206702259,
    "correlations": {
      "risk_vs_loc_nonempty": {
        "pearson_r": 0.05498870326729624,
        "n": 29
      },
      "risk_vs_cyclomatic_approx": {
        "pearson_r": -0.013893925201140985,
        "n": 29
      },
      "risk_vs_attempts_till_success": {
        "pearson_r": -0.06087644728434785,
        "n": 29
      },
      "risk_vs_issue_weight_sum": {
        "pearson_r": 0.934988517572636,
        "n": 29
      },
      "risk_vs_total_issues": {
        "pearson_r": 0.9638666743543143,
        "n": 29
      }
    }
  },
  "by_difficulty": {
    "very easy": {
      "runs": 21,
      "success_rate": 0.6190476190476191,
      "success_rate_ci95": {
        "low": 0.40878295815501514,
        "high": 0.7924923220201749
      },
      "first_attempt_success_rate": 0.5714285714285714,
      "avg_risk": 0.12357589500446643,
      "avg_risk_ci95": {
        "low": 0.043154192011266856,
        "high": 0.203997597997666
      },
      "median_risk": 0.0,
      "avg_total_issues": 0.9523809523809523,
      "median_total_issues": 0,
      "avg_total_issues_raw": 0.9523809523809523,
      "median_total_issues_raw": 0,
      "avg_false_positive_count": 0,
      "median_false_positive_count": 0,
      "avg_false_positive_rate": 0.0,
      "avg_attempts": 1.0476190476190477,
      "fixer_rate": 0.047619047619047616,
      "sast_error_rate": 0.0,
      "target_issue_rate": 0.0,
      "off_target_issue_rate": 0.38095238095238093,
      "avg_off_target_issue_count": 0.9523809523809523,
      "avg_loc_nonempty": 40.476190476190474,
      "avg_issue_density": 0.028589954528482113,
      "avg_cyclomatic_approx": 7.809523809523809,
      "avg_functionality_score": 0.9619047619047619,
      "judge_secure_rate": 0.6190476190476191,
      "avg_risk_delta_first_to_final": 0.009523809523809525,
      "improved_risk_rate": 0.047619047619047616
    },
    "easy": {
      "runs": 6,
      "success_rate": 0.16666666666666666,
      "success_rate_ci95": {
        "low": 0.03005258587173032,
        "high": 0.563509436563646
      },
      "first_attempt_success_rate": 0.16666666666666666,
      "avg_risk": 0.35347985347985345,
      "avg_risk_ci95": {
        "low": 0.16339546745330683,
        "high": 0.5435642395064001
      },
      "median_risk": 0.38095238095238093,
      "avg_total_issues": 2.5,
      "median_total_issues": 2.5,
      "avg_total_issues_raw": 2.5,
      "median_total_issues_raw": 2.5,
      "avg_false_positive_count": 0,
      "median_false_positive_count": 0.0,
      "avg_false_positive_rate": 0.0,
      "avg_attempts": 1,
      "fixer_rate": 0.0,
      "sast_error_rate": 0.0,
      "target_issue_rate": 0.3333333333333333,
      "off_target_issue_rate": 0.6666666666666666,
      "avg_off_target_issue_count": 1.3333333333333333,
      "avg_loc_nonempty": 44.833333333333336,
      "avg_issue_density": 0.05719047674985727,
      "avg_cyclomatic_approx": 8.333333333333334,
      "avg_functionality_score": 0.8833333333333333,
      "judge_secure_rate": 0.16666666666666666,
      "avg_risk_delta_first_to_final": 0.0,
      "improved_risk_rate": 0.0
    },
    "medium": {
      "runs": 2,
      "success_rate": 0.0,
      "success_rate_ci95": {
        "low": 0.0,
        "high": 0.6576280471103807
      },
      "first_attempt_success_rate": 0.0,
      "avg_risk": 0.296969696969697,
      "avg_risk_ci95": {
        "low": 0.10690909090909095,
        "high": 0.48703030303030304
      },
      "median_risk": 0.296969696969697,
      "avg_total_issues": 2,
      "median_total_issues": 2.0,
      "avg_total_issues_raw": 2,
      "median_total_issues_raw": 2.0,
      "avg_false_positive_count": 0,
      "median_false_positive_count": 0.0,
      "avg_false_positive_rate": 0.0,
      "avg_attempts": 2,
      "fixer_rate": 0.0,
      "sast_error_rate": 0.0,
      "target_issue_rate": 0.0,
      "off_target_issue_rate": 1.0,
      "avg_off_target_issue_count": 2,
      "avg_loc_nonempty": 43,
      "avg_issue_density": 0.0507446221731936,
      "avg_cyclomatic_approx": 8,
      "avg_functionality_score": 0.8500000000000001,
      "judge_secure_rate": 0.0,
      "avg_risk_delta_first_to_final": 0.07741935483870968,
      "improved_risk_rate": 0.5
    }
  },
  "by_combo_size": {
    "2": {
      "runs": 22,
      "success_rate": 0.5,
      "success_rate_ci95": {
        "low": 0.3072180469247956,
        "high": 0.6927819530752044
      },
      "first_attempt_success_rate": 0.5,
      "avg_risk": 0.1722287813196904,
      "avg_risk_ci95": {
        "low": 0.08769982122419985,
        "high": 0.256757741415181
      },
      "median_risk": 0.1,
      "avg_total_issues": 1.2727272727272727,
      "median_total_issues": 0.5,
      "avg_total_issues_raw": 1.2727272727272727,
      "median_total_issues_raw": 0.5,
      "avg_false_positive_count": 0,
      "median_false_positive_count": 0.0,
      "avg_false_positive_rate": 0.0,
      "avg_attempts": 1,
      "fixer_rate": 0.0,
      "sast_error_rate": 0.0,
      "target_issue_rate": 0.045454545454545456,
      "off_target_issue_rate": 0.5,
      "avg_off_target_issue_count": 1.2272727272727273,
      "avg_loc_nonempty": 27.818181818181817,
      "avg_issue_density": 0.039126650653498754,
      "avg_cyclomatic_approx": 6.409090909090909,
      "avg_functionality_score": 0.9454545454545454,
      "judge_secure_rate": 0.5,
      "avg_risk_delta_first_to_final": 0.0,
      "improved_risk_rate": 0.0
    },
    "4": {
      "runs": 7,
      "success_rate": 0.42857142857142855,
      "success_rate_ci95": {
        "low": 0.15821692226262685,
        "high": 0.7495457695909742
      },
      "first_attempt_success_rate": 0.2857142857142857,
      "avg_risk": 0.2172684458398744,
      "avg_risk_ci95": {
        "low": 0.023020591805797158,
        "high": 0.41151629987395166
      },
      "median_risk": 0.2,
      "avg_total_issues": 1.5714285714285714,
      "median_total_issues": 1,
      "avg_total_issues_raw": 1.5714285714285714,
      "median_total_issues_raw": 1,
      "avg_false_positive_count": 0,
      "median_false_positive_count": 0,
      "avg_false_positive_rate": 0.0,
      "avg_attempts": 1.4285714285714286,
      "fixer_rate": 0.14285714285714285,
      "sast_error_rate": 0.0,
      "target_issue_rate": 0.14285714285714285,
      "off_target_issue_rate": 0.42857142857142855,
      "avg_off_target_issue_count": 0.7142857142857143,
      "avg_loc_nonempty": 84.71428571428571,
      "avg_issue_density": 0.0263192622238118,
      "avg_cyclomatic_approx": 12.714285714285714,
      "avg_functionality_score": 0.9142857142857143,
      "judge_secure_rate": 0.42857142857142855,
      "avg_risk_delta_first_to_final": 0.05069124423963134,
      "improved_risk_rate": 0.2857142857142857
    }
  }
}