{
  "experiment": "exp_0417_2330_vuln__PHASE_ONE_5",
  "overall": {
    "runs": 294,
    "success_rate": 0.7210884353741497,
    "avg_risk": 0.06626804018420933,
    "avg_total_issues": 0.4523809523809524,
    "avg_issue_density": 0.013288930778863967,
    "correlations": {
      "risk_vs_loc_nonempty": {
        "pearson_r": -0.09592010500023757,
        "n": 294
      },
      "risk_vs_cyclomatic_approx": {
        "pearson_r": 0.006307545651410365,
        "n": 294
      },
      "risk_vs_attempts_till_success": {
        "pearson_r": 0.6150460729874665,
        "n": 294
      },
      "risk_vs_issue_weight_sum": {
        "pearson_r": 0.9508481660340724,
        "n": 294
      },
      "risk_vs_total_issues": {
        "pearson_r": 0.9050406834597517,
        "n": 294
      }
    }
  },
  "by_axis": {
    "Unknown": {
      "runs": 294,
      "success_rate": 0.7210884353741497,
      "success_rate_ci95": {
        "low": 0.6672250183036522,
        "high": 0.7692485972020394
      },
      "first_attempt_success_rate": 0.43537414965986393,
      "avg_risk": 0.06626804018420933,
      "avg_risk_ci95": {
        "low": 0.05084381974025954,
        "high": 0.08169226062815911
      },
      "median_risk": 0.0,
      "avg_total_issues": 0.4523809523809524,
      "median_total_issues": 0.0,
      "avg_total_issues_raw": 0.5068027210884354,
      "median_total_issues_raw": 0.0,
      "avg_false_positive_count": 0.05442176870748299,
      "median_false_positive_count": 0.0,
      "avg_false_positive_rate": 0.0890954555338117,
      "avg_attempts": 1.8639455782312926,
      "fixer_rate": 0.2857142857142857,
      "sast_error_rate": 0.0,
      "target_issue_rate": 0.05102040816326531,
      "off_target_issue_rate": 0.1870748299319728,
      "avg_off_target_issue_count": 0.3469387755102041,
      "avg_loc_nonempty": 46.36054421768708,
      "avg_issue_density": 0.013288930778863967,
      "avg_cyclomatic_approx": 8.129032258064516,
      "avg_functionality_score": 0.9989795918367347,
      "judge_secure_rate": 0.743859649122807,
      "avg_risk_delta_first_to_final": 0.1456163645003522,
      "improved_risk_rate": 0.4557823129251701
    }
  },
  "by_difficulty": {
    "unknown": {
      "runs": 294,
      "success_rate": 0.7210884353741497,
      "success_rate_ci95": {
        "low": 0.6672250183036522,
        "high": 0.7692485972020394
      },
      "first_attempt_success_rate": 0.43537414965986393,
      "avg_risk": 0.06626804018420933,
      "avg_risk_ci95": {
        "low": 0.05084381974025954,
        "high": 0.08169226062815911
      },
      "median_risk": 0.0,
      "avg_total_issues": 0.4523809523809524,
      "median_total_issues": 0.0,
      "avg_total_issues_raw": 0.5068027210884354,
      "median_total_issues_raw": 0.0,
      "avg_false_positive_count": 0.05442176870748299,
      "median_false_positive_count": 0.0,
      "avg_false_positive_rate": 0.0890954555338117,
      "avg_attempts": 1.8639455782312926,
      "fixer_rate": 0.2857142857142857,
      "sast_error_rate": 0.0,
      "target_issue_rate": 0.05102040816326531,
      "off_target_issue_rate": 0.1870748299319728,
      "avg_off_target_issue_count": 0.3469387755102041,
      "avg_loc_nonempty": 46.36054421768708,
      "avg_issue_density": 0.013288930778863967,
      "avg_cyclomatic_approx": 8.129032258064516,
      "avg_functionality_score": 0.9989795918367347,
      "judge_secure_rate": 0.743859649122807,
      "avg_risk_delta_first_to_final": 0.1456163645003522,
      "improved_risk_rate": 0.4557823129251701
    }
  },
  "by_combo_size": {
    "1": {
      "runs": 27,
      "success_rate": 0.7777777777777778,
      "success_rate_ci95": {
        "low": 0.5924270453692919,
        "high": 0.8939290451059105
      },
      "first_attempt_success_rate": 0.5555555555555556,
      "avg_risk": 0.06273883720692232,
      "avg_risk_ci95": {
        "low": 0.008596342327687648,
        "high": 0.11688133208615699
      },
      "median_risk": 0.0,
      "avg_total_issues": 0.48148148148148145,
      "median_total_issues": 0,
      "avg_total_issues_raw": 0.5185185185185185,
      "median_total_issues_raw": 0,
      "avg_false_positive_count": 0.037037037037037035,
      "median_false_positive_count": 0,
      "avg_false_positive_rate": 0.023809523809523808,
      "avg_attempts": 1.7037037037037037,
      "fixer_rate": 0.2222222222222222,
      "sast_error_rate": 0.0,
      "target_issue_rate": 0.0,
      "off_target_issue_rate": 0.2222222222222222,
      "avg_off_target_issue_count": 0.48148148148148145,
      "avg_loc_nonempty": 32.74074074074074,
      "avg_issue_density": 0.013484618098977585,
      "avg_cyclomatic_approx": 5.777777777777778,
      "avg_functionality_score": 1.0,
      "judge_secure_rate": 0.7777777777777778,
      "avg_risk_delta_first_to_final": 0.06732679108736943,
      "improved_risk_rate": 0.25925925925925924
    },
    "2": {
      "runs": 29,
      "success_rate": 0.7241379310344828,
      "success_rate_ci95": {
        "low": 0.5428252365556403,
        "high": 0.8530141866149725
      },
      "first_attempt_success_rate": 0.5172413793103449,
      "avg_risk": 0.037945962083893114,
      "avg_risk_ci95": {
        "low": 0.0036140553254029872,
        "high": 0.07227786884238324
      },
      "median_risk": 0.0,
      "avg_total_issues": 0.27586206896551724,
      "median_total_issues": 0,
      "avg_total_issues_raw": 0.3448275862068966,
      "median_total_issues_raw": 0,
      "avg_false_positive_count": 0.06896551724137931,
      "median_false_positive_count": 0,
      "avg_false_positive_rate": 0.16666666666666666,
      "avg_attempts": 1.793103448275862,
      "fixer_rate": 0.20689655172413793,
      "sast_error_rate": 0.0,
      "target_issue_rate": 0.0,
      "off_target_issue_rate": 0.1724137931034483,
      "avg_off_target_issue_count": 0.2413793103448276,
      "avg_loc_nonempty": 40.6551724137931,
      "avg_issue_density": 0.00765147110501151,
      "avg_cyclomatic_approx": 7.461538461538462,
      "avg_functionality_score": 1.0,
      "judge_secure_rate": 0.7777777777777778,
      "avg_risk_delta_first_to_final": 0.19673099591276097,
      "improved_risk_rate": 0.3793103448275862
    },
    "3": {
      "runs": 25,
      "success_rate": 0.76,
      "success_rate_ci95": {
        "low": 0.5656994004476144,
        "high": 0.8850384226967327
      },
      "first_attempt_success_rate": 0.48,
      "avg_risk": 0.06502691511387164,
      "avg_risk_ci95": {
        "low": 0.014597594727777066,
        "high": 0.11545623549996621
      },
      "median_risk": 0.0,
      "avg_total_issues": 0.4,
      "median_total_issues": 0,
      "avg_total_issues_raw": 0.44,
      "median_total_issues_raw": 0,
      "avg_false_positive_count": 0.04,
      "median_false_positive_count": 0,
      "avg_false_positive_rate": 0.08333333333333333,
      "avg_attempts": 1.84,
      "fixer_rate": 0.28,
      "sast_error_rate": 0.0,
      "target_issue_rate": 0.0,
      "off_target_issue_rate": 0.24,
      "avg_off_target_issue_count": 0.4,
      "avg_loc_nonempty": 45.24,
      "avg_issue_density": 0.010662824561842003,
      "avg_cyclomatic_approx": 8.48,
      "avg_functionality_score": 1.0,
      "judge_secure_rate": 0.76,
      "avg_risk_delta_first_to_final": 0.09560940095101586,
      "improved_risk_rate": 0.44
    },
    "4": {
      "runs": 213,
      "success_rate": 0.7089201877934272,
      "success_rate_ci95": {
        "low": 0.6446427724548518,
        "high": 0.7657950771090696
      },
      "first_attempt_success_rate": 0.40375586854460094,
      "avg_risk": 0.07071713348023918,
      "avg_risk_ci95": {
        "low": 0.051984394690725313,
        "high": 0.08944987226975305
      },
      "median_risk": 0.0,
      "avg_total_issues": 0.4788732394366197,
      "median_total_issues": 0,
      "avg_total_issues_raw": 0.5352112676056338,
      "median_total_issues_raw": 0,
      "avg_false_positive_count": 0.056338028169014086,