{
  "experiment": "exp_0213_1436_vuln__PHASE_ONE_5",
  "overall": {
    "runs": 35,
    "success_rate": 0.42857142857142855,
    "avg_risk": 0.20661259371934587,
    "avg_total_issues": 1.6285714285714286,
    "avg_issue_density": 0.04626027808464012,
    "correlations": {
      "risk_vs_loc_nonempty": {
        "pearson_r": 0.35023124004528133,
        "n": 35
      },
      "risk_vs_cyclomatic_approx": {
        "pearson_r": 0.3102792745565551,
        "n": 35
      },
      "risk_vs_attempts_till_success": {
        "pearson_r": null,
        "n": 35
      },
      "risk_vs_issue_weight_sum": {
        "pearson_r": 0.9374595381178599,
        "n": 35
      },
      "risk_vs_total_issues": {
        "pearson_r": 0.9274359865126718,
        "n": 35
      }
    }
  },
  "by_difficulty": {
    "very easy": {
      "runs": 25,
      "success_rate": 0.48,
      "success_rate_ci95": {
        "low": 0.30031003928960015,
        "high": 0.6650178204685269
      },
      "first_attempt_success_rate": 0.48,
      "avg_risk": 0.2007393021363255,
      "avg_risk_ci95": {
        "low": 0.10884744759753473,
        "high": 0.29263115667511624
      },
      "median_risk": 0.2,
      "avg_total_issues": 1.68,
      "median_total_issues": 1,
      "avg_total_issues_raw": 1.68,
      "median_total_issues_raw": 1,
      "avg_false_positive_count": 0,
      "median_false_positive_count": 0,
      "avg_false_positive_rate": 0.0,
      "avg_attempts": 1,
      "fixer_rate": 0.0,
      "sast_error_rate": 0.0,
      "target_issue_rate": 0.12,
      "off_target_issue_rate": 0.48,
      "avg_off_target_issue_count": 1.4,
      "avg_loc_nonempty": 36.24,
      "avg_issue_density": 0.04500228420654586,
      "avg_cyclomatic_approx": 7.6,
      "avg_functionality_score": 0.98,
      "judge_secure_rate": 0.48,
      "avg_risk_delta_first_to_final": 0.0,
      "improved_risk_rate": 0.0
    },
    "easy": {
      "runs": 7,
      "success_rate": 0.42857142857142855,
      "success_rate_ci95": {
        "low": 0.15821692226262685,
        "high": 0.7495457695909742
      },
      "first_attempt_success_rate": 0.42857142857142855,
      "avg_risk": 0.23042260382413834,
      "avg_risk_ci95": {
        "low": 0.06564051520648387,
        "high": 0.3952046924417928
      },
      "median_risk": 0.29411764705882354,
      "avg_total_issues": 1.7142857142857142,
      "median_total_issues": 2,
      "avg_total_issues_raw": 1.7142857142857142,
      "median_total_issues_raw": 2,
      "avg_false_positive_count": 0,
      "median_false_positive_count": 0,
      "avg_false_positive_rate": 0.0,
      "avg_attempts": 1,
      "fixer_rate": 0.0,
      "sast_error_rate": 0.0,
      "target_issue_rate": 0.2857142857142857,
      "off_target_issue_rate": 0.5714285714285714,
      "avg_off_target_issue_count": 1.4285714285714286,
      "avg_loc_nonempty": 28.714285714285715,
      "avg_issue_density": 0.05841618698761556,
      "avg_cyclomatic_approx": 8,
      "avg_functionality_score": 0.9714285714285714,
      "judge_secure_rate": 0.42857142857142855,
      "avg_risk_delta_first_to_final": 0.0,
      "improved_risk_rate": 0.0
    },
    "medium": {
      "runs": 3,
      "success_rate": 0.0,
      "success_rate_ci95": {
        "low": 0.0,
        "high": 0.5615060804490177
      },
      "first_attempt_success_rate": 0.0,
      "avg_risk": 0.2,
      "avg_risk_ci95": {
        "low": 0.2,
        "high": 0.2
      },
      "median_risk": 0.2,
      "avg_total_issues": 1,
      "median_total_issues": 1,
      "avg_total_issues_raw": 1,
      "median_total_issues_raw": 1,
      "avg_false_positive_count": 0,
      "median_false_positive_count": 0,
      "avg_false_positive_rate": 0.0,
      "avg_attempts": 1,
      "fixer_rate": 0.0,
      "sast_error_rate": 0.0,
      "target_issue_rate": 0.0,
      "off_target_issue_rate": 1.0,
      "avg_off_target_issue_count": 1,
      "avg_loc_nonempty": 35.333333333333336,
      "avg_issue_density": 0.028379772961816305,
      "avg_cyclomatic_approx": 7.666666666666667,
      "avg_functionality_score": 0.8,
      "judge_secure_rate": 0.0,
      "avg_risk_delta_first_to_final": 0.0,
      "improved_risk_rate": 0.0
    }
  },
  "by_combo_size": {
    "2": {
      "runs": 29,
      "success_rate": 0.4827586206896552,
      "success_rate_ci95": {
        "low": 0.3138581933079522,
        "high": 0.6556926202943085
      },
      "first_attempt_success_rate": 0.4827586206896552,
      "avg_risk": 0.17976859311135773,
      "avg_risk_ci95": {
        "low": 0.10225971570854178,
        "high": 0.2572774705141737
      },
      "median_risk": 0.2,
      "avg_total_issues": 1.4482758620689655,
      "median_total_issues": 1,
      "avg_total_issues_raw": 1.4482758620689655,
      "median_total_issues_raw": 1,
      "avg_false_positive_count": 0,
      "median_false_positive_count": 0,
      "avg_false_positive_rate": 0.0,
      "avg_attempts": 1,
      "fixer_rate": 0.0,
      "sast_error_rate": 0.0,
      "target_issue_rate": 0.13793103448275862,
      "off_target_issue_rate": 0.4827586206896552,
      "avg_off_target_issue_count": 1.2413793103448276,
      "avg_loc_nonempty": 32.689655172413794,
      "avg_issue_density": 0.04413329805925224,
      "avg_cyclomatic_approx": 7.482758620689655,
      "avg_functionality_score": 0.9620689655172414,
      "judge_secure_rate": 0.4827586206896552,
      "avg_risk_delta_first_to_final": 0.0,
      "improved_risk_rate": 0.0
    },
    "3": {
      "runs": 5,
      "success_rate": 0.2,
      "success_rate_ci95": {
        "low": 0.03622316096978745,
        "high": 0.6244717358814613
      },
      "first_attempt_success_rate": 0.2,
      "avg_risk": 0.3636303159895462,
      "avg_risk_ci95": {
        "low": 0.16441225375632193,
        "high": 0.5628483782227705
      },
      "median_risk": 0.4,
      "avg_total_issues": 2.8,
      "median_total_issues": 3,
      "avg_total_issues_raw": 2.8,
      "median_total_issues_raw": 3,
      "avg_false_positive_count": 0,
      "median_false_positive_count": 0,
      "avg_false_positive_rate": 0.0,
      "avg_attempts": 1,
      "fixer_rate": 0.0,
      "sast_error_rate": 0.0,
      "target_issue_rate": 0.2,
      "off_target_issue_rate": 0.8,
      "avg_off_target_issue_count": 2.2,
      "avg_loc_nonempty": 45.2,
      "avg_issue_density": 0.06272061272061272,
      "avg_cyclomatic_approx": 9.2,
      "avg_functionality_score": 0.98,
      "judge_secure_rate": 0.2,
      "avg_risk_delta_first_to_final": 0.0,
      "improved_risk_rate": 0.0
    },
    "4": {
      "runs": 1,
      "success_rate": 0.0,
      "success_rate_ci95": {
        "low": 0.0,
        "high": 0.7934567085261071
      },
      "first_attempt_success_rate": 0.0,
      "avg_risk": 0.2,
      "avg_risk_ci95": null,
      "median_risk": 0.2,
      "avg_total_issues": 1,
      "median_total_issues": 1,
      "avg_total_issues_raw": 1,
      "median_total_issues_raw": 1,
      "avg_false_positive_count": 0,
      "median_false_positive_count": 0,
      "avg_false_positive_rate": 0.0,
      "avg_attempts": 1,
      "fixer_rate": 0.0,
      "sast_error_rate": 0.0,
      "target_issue_rate": 0.0,
      "off_target_issue_rate": 1.0,
      "avg_off_target_issue_count": 1,
      "avg_loc_nonempty": 39,
      "avg_issue_density": 0.02564102564102564,
      "avg_cyclomatic_approx": 6,
      "avg_functionality_score": 0.9,
      "judge_secure_rate": 0.0,
      "avg_risk_delta_first_to_final": 0.0,
      "improved_risk_rate": 0.0
    }
  }
}