{
  "experiment": "exp_0412_0914_vuln__PHASE_ONE_5",
  "overall": {
    "runs": 156,
    "success_rate": 0.7371794871794872,
    "avg_risk": 0.06198313546120344,
    "avg_total_issues": 0.46153846153846156,
    "avg_issue_density": 0.011233784449752792,
    "correlations": {
      "risk_vs_loc_nonempty": {
        "pearson_r": 0.03076791113699796,
        "n": 156
      },
      "risk_vs_cyclomatic_approx": {
        "pearson_r": 0.08655121456106239,
        "n": 156
      },
      "risk_vs_attempts_till_success": {
        "pearson_r": 0.5726663030942625,
        "n": 156
      },
      "risk_vs_issue_weight_sum": {
        "pearson_r": 0.9553634677905769,
        "n": 156
      },
      "risk_vs_total_issues": {
        "pearson_r": 0.8919788958471577,
        "n": 156
      }
    }
  },
  "by_axis": {
    "Unknown": {
      "runs": 156,
      "success_rate": 0.7371794871794872,
      "success_rate_ci95": {
        "low": 0.6630033116659751,
        "high": 0.7999550170794828
      },
      "first_attempt_success_rate": 0.41025641025641024,
      "avg_risk": 0.06198313546120344,
      "avg_risk_ci95": {
        "low": 0.04113202918442119,
        "high": 0.08283424173798569
      },
      "median_risk": 0.0,
      "avg_total_issues": 0.46153846153846156,
      "median_total_issues": 0.0,
      "avg_total_issues_raw": 0.532051282051282,
      "median_total_issues_raw": 0.0,
      "avg_false_positive_count": 0.07051282051282051,
      "median_false_positive_count": 0.0,
      "avg_false_positive_rate": 0.09264264264264264,
      "avg_attempts": 1.8974358974358974,
      "fixer_rate": 0.3269230769230769,
      "sast_error_rate": 0.0,
      "target_issue_rate": 0.0641025641025641,
      "off_target_issue_rate": 0.1858974358974359,
      "avg_off_target_issue_count": 0.33974358974358976,
      "avg_loc_nonempty": 41.84615384615385,
      "avg_issue_density": 0.011233784449752792,
      "avg_cyclomatic_approx": 7.697986577181208,
      "avg_functionality_score": 1.0,
      "judge_secure_rate": 0.7549668874172185,
      "avg_risk_delta_first_to_final": 0.16726653450355952,
      "improved_risk_rate": 0.47435897435897434
    }
  },
  "by_difficulty": {
    "unknown": {
      "runs": 156,
      "success_rate": 0.7371794871794872,
      "success_rate_ci95": {
        "low": 0.6630033116659751,
        "high": 0.7999550170794828
      },
      "first_attempt_success_rate": 0.41025641025641024,
      "avg_risk": 0.06198313546120344,
      "avg_risk_ci95": {
        "low": 0.04113202918442119,
        "high": 0.08283424173798569
      },
      "median_risk": 0.0,
      "avg_total_issues": 0.46153846153846156,
      "median_total_issues": 0.0,
      "avg_total_issues_raw": 0.532051282051282,
      "median_total_issues_raw": 0.0,
      "avg_false_positive_count": 0.07051282051282051,
      "median_false_positive_count": 0.0,
      "avg_false_positive_rate": 0.09264264264264264,
      "avg_attempts": 1.8974358974358974,
      "fixer_rate": 0.3269230769230769,
      "sast_error_rate": 0.0,
      "target_issue_rate": 0.0641025641025641,
      "off_target_issue_rate": 0.1858974358974359,
      "avg_off_target_issue_count": 0.33974358974358976,
      "avg_loc_nonempty": 41.84615384615385,
      "avg_issue_density": 0.011233784449752792,
      "avg_cyclomatic_approx": 7.697986577181208,
      "avg_functionality_score": 1.0,
      "judge_secure_rate": 0.7549668874172185,
      "avg_risk_delta_first_to_final": 0.16726653450355952,
      "improved_risk_rate": 0.47435897435897434
    }
  },
  "by_combo_size": {
    "1": {
      "runs": 65,
      "success_rate": 0.8307692307692308,
      "success_rate_ci95": {
        "low": 0.721833508048396,
        "high": 0.9027888133386723
      },
      "first_attempt_success_rate": 0.46153846153846156,
      "avg_risk": 0.03177540331143615,
      "avg_risk_ci95": {
        "low": 0.010445548465092401,
        "high": 0.053105258157779896
      },
      "median_risk": 0.0,
      "avg_total_issues": 0.23076923076923078,
      "median_total_issues": 0,
      "avg_total_issues_raw": 0.26153846153846155,
      "median_total_issues_raw": 0,
      "avg_false_positive_count": 0.03076923076923077,
      "median_false_positive_count": 0,
      "avg_false_positive_rate": 0.07777777777777778,
      "avg_attempts": 1.7538461538461538,
      "fixer_rate": 0.36923076923076925,
      "sast_error_rate": 0.0,
      "target_issue_rate": 0.015384615384615385,
      "off_target_issue_rate": 0.13846153846153847,
      "avg_off_target_issue_count": 0.2153846153846154,
      "avg_loc_nonempty": 36.58461538461538,
      "avg_issue_density": 0.007106242055667383,
      "avg_cyclomatic_approx": 6.73015873015873,
      "avg_functionality_score": 1.0,
      "judge_secure_rate": 0.8548387096774194,
      "avg_risk_delta_first_to_final": 0.1765882752105078,
      "improved_risk_rate": 0.4461538461538462
    },
    "2": {
      "runs": 49,
      "success_rate": 0.7142857142857143,
      "success_rate_ci95": {
        "low": 0.5759085079389967,
        "high": 0.8215056506027583
      },
      "first_attempt_success_rate": 0.42857142857142855,
      "avg_risk": 0.06492399494612427,
      "avg_risk_ci95": {
        "low": 0.027560865583131887,
        "high": 0.10228712430911666
      },
      "median_risk": 0.0,
      "avg_total_issues": 0.4897959183673469,
      "median_total_issues": 0,
      "avg_total_issues_raw": 0.5510204081632653,
      "median_total_issues_raw": 0,
      "avg_false_positive_count": 0.061224489795918366,
      "median_false_positive_count": 0,
      "avg_false_positive_rate": 0.05769230769230769,
      "avg_attempts": 1.9387755102040816,
      "fixer_rate": 0.2857142857142857,
      "sast_error_rate": 0.0,
      "target_issue_rate": 0.061224489795918366,
      "off_target_issue_rate": 0.1836734693877551,
      "avg_off_target_issue_count": 0.30612244897959184,
      "avg_loc_nonempty": 44.775510204081634,
      "avg_issue_density": 0.011857542901980298,
      "avg_cyclomatic_approx": 7.978260869565218,
      "avg_functionality_score": 1.0,
      "judge_secure_rate": 0.7291666666666666,
      "avg_risk_delta_first_to_final": 0.15523900822247944,
      "improved_risk_rate": 0.4489795918367347
    },
    "3": {
      "runs": 18,
      "success_rate": 0.6111111111111112,
      "success_rate_ci95": {
        "low": 0.3861866858065617,
        "high": 0.7969500807306884
      },
      "first_attempt_success_rate": 0.2222222222222222,
      "avg_risk": 0.10513538748832867,
      "avg_risk_ci95": {
        "low": 0.019405468350295357,
        "high": 0.19086530662636197
      },
      "median_risk": 0.0,
      "avg_total_issues": 0.8888888888888888,
      "median_total_issues": 0.0,
      "avg_total_issues_raw": 1.0555555555555556,
      "median_total_issues_raw": 0.0,
      "avg_false_positive_count": 0.16666666666666666,
      "median_false_positive_count": 0.0,
      "avg_false_positive_rate": 0.15873015873015872,
      "avg_attempts": 2.2777777777777777,
      "fixer_rate": 0.3888888888888889,
      "sast_error_rate": 0.0,
      "target_issue_rate": 0.05555555555555555,
      "off_target_issue_rate": 0.3333333333333333,
      "avg_off_target_issue_count": 0.7777777777777778,
      "avg_loc_nonempty": 44,
      "avg_issue_density": 0.016079671822661734,
      "avg_cyclomatic_approx": 7.823529411764706,
      "avg_functionality_score": 1.0,
      "judge_secure_rate": 0.6111111111111112,
      "avg_risk_delta_first_to_final": 0.19338295781235942,
      "improved_risk_rate": 0.6111111111111112
    },
    "4": {
      "runs": 24,
      "success_rate": 0.625,
      "success_rate_ci95": {
        "low": 0.42709619037907065,
        "high": 0.7884086656636855
      },
      "first_attempt_success_rate": 0.375,
      "avg_risk": 0.10542729956476588,
      "avg_risk_ci95": {
        "low": 0.037387795424758716,
        "high": 0.17346680370477302
      },
      "median_risk": 0.0,
      "avg_total_issues": 0.7083333333333334,