{
  "experiment": "exp_0214_1157_vuln__PHASE_ONE_5",
  "overall": {
    "runs": 99,
    "success_rate": 0.8282828282828283,
    "avg_risk": 0.04583022357097197,
    "avg_total_issues": 0.3333333333333333,
    "avg_issue_density": 0.002853197850330723,
    "correlations": {
      "risk_vs_loc_nonempty": {
        "pearson_r": 0.11916278295809944,
        "n": 99
      },
      "risk_vs_cyclomatic_approx": {
        "pearson_r": -0.0027336070376226228,
        "n": 99
      },
      "risk_vs_attempts_till_success": {
        "pearson_r": 0.800018654976642,
        "n": 99
      },
      "risk_vs_issue_weight_sum": {
        "pearson_r": 0.9562215225502656,
        "n": 99
      },
      "risk_vs_total_issues": {
        "pearson_r": 0.9796351986246447,
        "n": 99
      }
    }
  },
  "by_difficulty": {
    "very easy": {
      "runs": 43,
      "success_rate": 0.813953488372093,
      "success_rate_ci95": {
        "low": 0.6738270676469403,
        "high": 0.9025836441989402
      },
      "first_attempt_success_rate": 0.6976744186046512,
      "avg_risk": 0.05403109019012995,
      "avg_risk_ci95": {
        "low": 0.015674169021449948,
        "high": 0.09238801135880995
      },
      "median_risk": 0.0,
      "avg_total_issues": 0.3953488372093023,
      "median_total_issues": 0,
      "avg_total_issues_raw": 0.3953488372093023,
      "median_total_issues_raw": 0,
      "avg_false_positive_count": 0,
      "median_false_positive_count": 0,
      "avg_false_positive_rate": 0.0,
      "avg_attempts": 1.5116279069767442,
      "fixer_rate": 0.11627906976744186,
      "sast_error_rate": 0.0,
      "target_issue_rate": 0.023255813953488372,
      "off_target_issue_rate": 0.16279069767441862,
      "avg_off_target_issue_count": 0.3023255813953488,
      "avg_loc_nonempty": 121.81395348837209,
      "avg_issue_density": 0.003079303660969928,
      "avg_cyclomatic_approx": 21.558139534883722,
      "avg_functionality_score": 0.9953488372093023,
      "judge_secure_rate": 0.813953488372093,
      "avg_risk_delta_first_to_final": 0.03088133605586018,
      "improved_risk_rate": 0.16279069767441862
    },
    "easy": {
      "runs": 25,
      "success_rate": 0.8,
      "success_rate_ci95": {
        "low": 0.6086866446346177,
        "high": 0.9113954589934752
      },
      "first_attempt_success_rate": 0.64,
      "avg_risk": 0.04030230638926291,
      "avg_risk_ci95": {
        "low": 0.0065713632119453955,
        "high": 0.07403324956658042
      },
      "median_risk": 0.0,
      "avg_total_issues": 0.28,
      "median_total_issues": 0,
      "avg_total_issues_raw": 0.28,
      "median_total_issues_raw": 0,
      "avg_false_positive_count": 0,
      "median_false_positive_count": 0,
      "avg_false_positive_rate": 0.0,
      "avg_attempts": 1.56,
      "fixer_rate": 0.16,
      "sast_error_rate": 0.0,
      "target_issue_rate": 0.04,
      "off_target_issue_rate": 0.16,
      "avg_off_target_issue_count": 0.24,
      "avg_loc_nonempty": 145.56,
      "avg_issue_density": 0.003244789232969429,
      "avg_cyclomatic_approx": 26.28,
      "avg_functionality_score": 0.986,
      "judge_secure_rate": 0.8,
      "avg_risk_delta_first_to_final": 0.05210511627303231,
      "improved_risk_rate": 0.28
    },
    "medium": {
      "runs": 15,
      "success_rate": 0.7333333333333333,
      "success_rate_ci95": {
        "low": 0.4804911034231324,
        "high": 0.8910272389681718
      },
      "first_attempt_success_rate": 0.6666666666666666,
      "avg_risk": 0.0804198397079376,
      "avg_risk_ci95": {
        "low": 0.009520699408248096,
        "high": 0.1513189800076271
      },
      "median_risk": 0.0,
      "avg_total_issues": 0.6,
      "median_total_issues": 0,
      "avg_total_issues_raw": 0.6,
      "median_total_issues_raw": 0,
      "avg_false_positive_count": 0,
      "median_false_positive_count": 0,
      "avg_false_positive_rate": 0.0,
      "avg_attempts": 1.6,
      "fixer_rate": 0.06666666666666667,
      "sast_error_rate": 0.0,
      "target_issue_rate": 0.13333333333333333,
      "off_target_issue_rate": 0.13333333333333333,
      "avg_off_target_issue_count": 0.3333333333333333,
      "avg_loc_nonempty": 178.46666666666667,
      "avg_issue_density": 0.004595786595786596,
      "avg_cyclomatic_approx": 35.733333333333334,
      "avg_functionality_score": 0.9866666666666667,
      "judge_secure_rate": 0.7333333333333333,
      "avg_risk_delta_first_to_final": 0.019509349802710584,
      "improved_risk_rate": 0.13333333333333333
    },
    "hard": {
      "runs": 10,
      "success_rate": 1.0,
      "success_rate_ci95": {
        "low": 0.7224598312333834,
        "high": 1.0
      },
      "first_attempt_success_rate": 0.7,
      "avg_risk": 0.0,
      "avg_risk_ci95": {
        "low": 0.0,
        "high": 0.0
      },
      "median_risk": 0.0,
      "avg_total_issues": 0,
      "median_total_issues": 0.0,
      "avg_total_issues_raw": 0,
      "median_total_issues_raw": 0.0,
      "avg_false_positive_count": 0,
      "median_false_positive_count": 0.0,
      "avg_false_positive_rate": null,
      "avg_attempts": 1.3,
      "fixer_rate": 0.3,
      "sast_error_rate": 0.0,
      "target_issue_rate": 0.0,
      "off_target_issue_rate": 0.0,
      "avg_off_target_issue_count": 0,
      "avg_loc_nonempty": 199.3,
      "avg_issue_density": 0.0,
      "avg_cyclomatic_approx": 37.6,
      "avg_functionality_score": 0.98,
      "judge_secure_rate": 1.0,
      "avg_risk_delta_first_to_final": 0.04916387959866221,
      "improved_risk_rate": 0.3
    },
    "very hard": {
      "runs": 6,
      "success_rate": 1.0,
      "success_rate_ci95": {
        "low": 0.6096569663469354,
        "high": 0.9999999999999999
      },
      "first_attempt_success_rate": 0.8333333333333334,
      "avg_risk": 0.0,
      "avg_risk_ci95": {
        "low": 0.0,
        "high": 0.0
      },
      "median_risk": 0.0,
      "avg_total_issues": 0,
      "median_total_issues": 0.0,
      "avg_total_issues_raw": 0,
      "median_total_issues_raw": 0.0,
      "avg_false_positive_count": 0,
      "median_false_positive_count": 0.0,
      "avg_false_positive_rate": null,
      "avg_attempts": 1.1666666666666667,
      "fixer_rate": 0.16666666666666666,
      "sast_error_rate": 0.0,
      "target_issue_rate": 0.0,
      "off_target_issue_rate": 0.0,
      "avg_off_target_issue_count": 0,
      "avg_loc_nonempty": 270.5,
      "avg_issue_density": 0.0,
      "avg_cyclomatic_approx": 67.16666666666667,
      "avg_functionality_score": 0.9583333333333334,
      "judge_secure_rate": 1.0,
      "avg_risk_delta_first_to_final": 0.04545454545454545,
      "improved_risk_rate": 0.16666666666666666
    }
  },
  "by_combo_size": {
    "2": {
      "runs": 48,
      "success_rate": 0.75,
      "success_rate_ci95": {
        "low": 0.6121535625207293,
        "high": 0.8507951119028996
      },
      "first_attempt_success_rate": 0.6458333333333334,
      "avg_risk": 0.06457911758245463,
      "avg_risk_ci95": {
        "low": 0.03142965459828353,
        "high": 0.09772858056662573
      },
      "median_risk": 0.0,
      "avg_total_issues": 0.4791666666666667,
      "median_total_issues": 0.0,
      "avg_total_issues_raw": 0.4791666666666667,
      "median_total_issues_raw": 0.0,
      "avg_false_positive_count": 0,
      "median_false_positive_count": 0.0,
      "avg_false_positive_rate": 0.0,
      "avg_attempts": 1.625,
      "fixer_rate": 0.10416666666666667,
      "sast_error_rate": 0.0,
      "target_issue_rate": 0.0625,
      "off_target_issue_rate": 0.1875,
      "avg_off_target_issue_count": 0.375,
      "avg_loc_nonempty": 119.33333333333333,
      "avg_issue_density": 0.004979799954241036,
      "avg_cyclomatic_approx": 22.4375,
      "avg_functionality_score": 0.9875,
      "judge_secure_rate": 0.75,
      "avg_risk_delta_first_to_final": 0.028177735011351786,
      "improved_risk_rate": 0.14583333333333334
    },
    "3": {
      "runs": 22,