{
  "experiment": "exp_0218_1355_vuln__PHASE_ONE_5",
  "overall": {
    "runs": 156,
    "success_rate": 0.8397435897435898,
    "avg_risk": 0.041065575071422826,
    "avg_total_issues": 0.28846153846153844,
    "avg_issue_density": 0.0071338950502414095,
    "correlations": {
      "risk_vs_loc_nonempty": {
        "pearson_r": 0.07054733884344425,
        "n": 156
      },
      "risk_vs_cyclomatic_approx": {
        "pearson_r": 0.11812999711471686,
        "n": 156
      },
      "risk_vs_attempts_till_success": {
        "pearson_r": 0.5193386152981317,
        "n": 156
      },
      "risk_vs_issue_weight_sum": {
        "pearson_r": 0.9403778058080672,
        "n": 156
      },
      "risk_vs_total_issues": {
        "pearson_r": 0.9021734736072745,
        "n": 156
      }
    }
  },
  "by_difficulty": {
    "very easy": {
      "runs": 45,
      "success_rate": 0.8222222222222222,
      "success_rate_ci95": {
        "low": 0.6866989315634587,
        "high": 0.9070572107414617
      },
      "first_attempt_success_rate": 0.24444444444444444,
      "avg_risk": 0.06868495639286715,
      "avg_risk_ci95": {
        "low": 0.019301492491752975,
        "high": 0.11806842029398132
      },
      "median_risk": 0.0,
      "avg_total_issues": 0.5555555555555556,
      "median_total_issues": 0,
      "avg_total_issues_raw": 0.5555555555555556,
      "median_total_issues_raw": 0,
      "avg_false_positive_count": 0,
      "median_false_positive_count": 0,
      "avg_false_positive_rate": 0.0,
      "avg_attempts": 2.022222222222222,
      "fixer_rate": 0.6,
      "sast_error_rate": 0.0,
      "target_issue_rate": 0.08888888888888889,
      "off_target_issue_rate": 0.1111111111111111,
      "avg_off_target_issue_count": 0.35555555555555557,
      "avg_loc_nonempty": 33.28888888888889,
      "avg_issue_density": 0.011458607529601946,
      "avg_cyclomatic_approx": 6.977777777777778,
      "avg_functionality_score": 0.7666666666666667,
      "judge_secure_rate": 0.8222222222222222,
      "avg_risk_delta_first_to_final": 0.24318052032507328,
      "improved_risk_rate": 0.7111111111111111
    },
    "easy": {
      "runs": 37,
      "success_rate": 0.8378378378378378,
      "success_rate_ci95": {
        "low": 0.6886320070454415,
        "high": 0.923488967647029
      },
      "first_attempt_success_rate": 0.40540540540540543,
      "avg_risk": 0.03317435082140965,
      "avg_risk_ci95": {
        "low": 0.004914971232679803,
        "high": 0.06143373041013949
      },
      "median_risk": 0.0,
      "avg_total_issues": 0.1891891891891892,
      "median_total_issues": 0,
      "avg_total_issues_raw": 0.1891891891891892,
      "median_total_issues_raw": 0,
      "avg_false_positive_count": 0,
      "median_false_positive_count": 0,
      "avg_false_positive_rate": 0.0,
      "avg_attempts": 1.8108108108108107,
      "fixer_rate": 0.43243243243243246,
      "sast_error_rate": 0.0,
      "target_issue_rate": 0.0,
      "off_target_issue_rate": 0.13513513513513514,
      "avg_off_target_issue_count": 0.1891891891891892,
      "avg_loc_nonempty": 45.83783783783784,
      "avg_issue_density": 0.0061385171679289325,
      "avg_cyclomatic_approx": 8.472222222222221,
      "avg_functionality_score": 0.7054054054054054,
      "judge_secure_rate": 0.8611111111111112,
      "avg_risk_delta_first_to_final": 0.1602054892468509,
      "improved_risk_rate": 0.5135135135135135
    },
    "medium": {
      "runs": 25,
      "success_rate": 0.84,
      "success_rate_ci95": {
        "low": 0.6534598601976183,
        "high": 0.9359665239142201
      },
      "first_attempt_success_rate": 0.28,
      "avg_risk": 0.028602006688963212,
      "avg_risk_ci95": {
        "low": 0.0,
        "high": 0.06297103720546723
      },
      "median_risk": 0.0,
      "avg_total_issues": 0.24,
      "median_total_issues": 0,
      "avg_total_issues_raw": 0.28,
      "median_total_issues_raw": 0,
      "avg_false_positive_count": 0.04,
      "median_false_positive_count": 0,
      "avg_false_positive_rate": 0.125,
      "avg_attempts": 1.88,
      "fixer_rate": 0.56,
      "sast_error_rate": 0.0,
      "target_issue_rate": 0.04,
      "off_target_issue_rate": 0.12,
      "avg_off_target_issue_count": 0.12,
      "avg_loc_nonempty": 40.8,
      "avg_issue_density": 0.009332829332829333,
      "avg_cyclomatic_approx": 6.625,
      "avg_functionality_score": 0.6880000000000001,
      "judge_secure_rate": 0.84,
      "avg_risk_delta_first_to_final": 0.18782098510294856,
      "improved_risk_rate": 0.68
    },
    "hard": {
      "runs": 21,
      "success_rate": 0.8571428571428571,
      "success_rate_ci95": {
        "low": 0.6536350585077049,
        "high": 0.950190782017865
      },
      "first_attempt_success_rate": 0.23809523809523808,
      "avg_risk": 0.023529411764705882,
      "avg_risk_ci95": {
        "low": 0.0,
        "high": 0.055944823822393276
      },
      "median_risk": 0.0,
      "avg_total_issues": 0.14285714285714285,
      "median_total_issues": 0,
      "avg_total_issues_raw": 0.14285714285714285,
      "median_total_issues_raw": 0,
      "avg_false_positive_count": 0,
      "median_false_positive_count": 0,
      "avg_false_positive_rate": 0.0,
      "avg_attempts": 2.0952380952380953,
      "fixer_rate": 0.6190476190476191,
      "sast_error_rate": 0.0,
      "target_issue_rate": 0.0,
      "off_target_issue_rate": 0.09523809523809523,
      "avg_off_target_issue_count": 0.14285714285714285,
      "avg_loc_nonempty": 43.714285714285715,
      "avg_issue_density": 0.002528837622005324,
      "avg_cyclomatic_approx": 7.95,
      "avg_functionality_score": 0.6,
      "judge_secure_rate": 0.9,
      "avg_risk_delta_first_to_final": 0.267009756007711,
      "improved_risk_rate": 0.7142857142857143
    },
    "very hard": {
      "runs": 28,
      "success_rate": 0.8571428571428571,
      "success_rate_ci95": {
        "low": 0.6850982695512267,
        "high": 0.9430108706929821
      },
      "first_attempt_success_rate": 0.2857142857142857,
      "avg_risk": 0.031385281385281384,
      "avg_risk_ci95": {
        "low": 0.0,
        "high": 0.06574193362479426
      },
      "median_risk": 0.0,
      "avg_total_issues": 0.14285714285714285,
      "median_total_issues": 0.0,
      "avg_total_issues_raw": 0.14285714285714285,
      "median_total_issues_raw": 0.0,
      "avg_false_positive_count": 0,
      "median_false_positive_count": 0.0,
      "avg_false_positive_rate": 0.0,
      "avg_attempts": 1.9285714285714286,
      "fixer_rate": 0.5714285714285714,
      "sast_error_rate": 0.0,
      "target_issue_rate": 0.07142857142857142,
      "off_target_issue_rate": 0.03571428571428571,
      "avg_off_target_issue_count": 0.07142857142857142,
      "avg_loc_nonempty": 48.464285714285715,
      "avg_issue_density": 0.0029892439431913114,
      "avg_cyclomatic_approx": 8.74074074074074,
      "avg_functionality_score": 0.6821428571428572,
      "judge_secure_rate": 0.8888888888888888,
      "avg_risk_delta_first_to_final": 0.25281989940388616,
      "improved_risk_rate": 0.6785714285714286
    }
  },
  "by_combo_size": {
    "2": {
      "runs": 79,
      "success_rate": 0.8227848101265823,
      "success_rate_ci95": {
        "low": 0.7242360050880349,
        "high": 0.8913967204991099
      },
      "first_attempt_success_rate": 0.2911392405063291,
      "avg_risk": 0.04786481993969092,
      "avg_risk_ci95": {
        "low": 0.019977532129680106,
        "high": 0.07575210774970173
      },
      "median_risk": 0.0,
      "avg_total_issues": 0.3291139240506329,
      "median_total_issues": 0,
      "avg_total_issues_raw": 0.34177215189873417,
      "median_total_issues_raw": 0,
      "avg_false_positive_count": 0.012658227848101266,
      "median_false_positive_count": 0,
      "avg_false_positive_rate": 0.038461538461538464,
      "avg_attempts": 1.9620253164556962,
      "fixer_rate": 0.5316455696202531,
      "sast_error_rate": 0.0,