{
  "experiment": "0206_2109_PHASE_THREE",
  "overall": {
    "runs": 151,
    "success_rate": 0.5364238410596026,
    "avg_risk": 0.030160751974253698,
    "avg_total_issues": 0.37748344370860926,
    "avg_issue_density": 0.009979835191238908,
    "correlations": {
      "risk_vs_loc_nonempty": {
        "pearson_r": 0.13095994881771128,
        "n": 151
      },
      "risk_vs_cyclomatic_approx": {
        "pearson_r": 0.1931762239703753,
        "n": 151
      },
      "risk_vs_attempts_till_success": {
        "pearson_r": 0.3169088516679826,
        "n": 151
      },
      "risk_vs_issue_weight_sum": {
        "pearson_r": 0.994253439302731,
        "n": 151
      },
      "risk_vs_total_issues": {
        "pearson_r": 0.9495953429660197,
        "n": 151
      }
    }
  },
  "by_difficulty": {
    "very easy": {
      "runs": 43,
      "success_rate": 0.7441860465116279,
      "success_rate_ci95": {
        "low": 0.5976131013174515,
        "high": 0.8507063412293445
      },
      "first_attempt_success_rate": 0.5813953488372093,
      "avg_risk": 0.017029600820149312,
      "avg_risk_ci95": {
        "low": 0.0,
        "high": 0.0354260747975088
      },
      "median_risk": 0.0,
      "avg_total_issues": 0.20930232558139536,
      "median_total_issues": 0,
      "avg_total_issues_raw": 0.20930232558139536,
      "median_total_issues_raw": 0,
      "avg_false_positive_count": 0,
      "median_false_positive_count": 0,
      "avg_false_positive_rate": 0.0,
      "avg_attempts": 2.0697674418604652,
      "fixer_rate": 0.20930232558139536,
      "sast_error_rate": 0.0,
      "target_issue_rate": 0.023255813953488372,
      "off_target_issue_rate": 0.06976744186046512,
      "avg_off_target_issue_count": 0.13953488372093023,
      "avg_loc_nonempty": 37.74418604651163,
      "avg_issue_density": 0.006450984755758317,
      "avg_cyclomatic_approx": 7.651162790697675,
      "avg_functionality_score": 1.0,
      "judge_secure_rate": 0.8048780487804879,
      "avg_risk_delta_first_to_final": 0.053293759458119136,
      "improved_risk_rate": 0.3488372093023256
    },
    "easy": {
      "runs": 31,
      "success_rate": 0.6451612903225806,
      "success_rate_ci95": {
        "low": 0.469476380428149,
        "high": 0.7888355225843418
      },
      "first_attempt_success_rate": 0.5483870967741935,
      "avg_risk": 0.010500880493076122,
      "avg_risk_ci95": {
        "low": 0.0,
        "high": 0.025543978814873244
      },
      "median_risk": 0.0,
      "avg_total_issues": 0.16129032258064516,
      "median_total_issues": 0,
      "avg_total_issues_raw": 0.16129032258064516,
      "median_total_issues_raw": 0,
      "avg_false_positive_count": 0,
      "median_false_positive_count": 0,
      "avg_false_positive_rate": 0.0,
      "avg_attempts": 2.193548387096774,
      "fixer_rate": 0.2903225806451613,
      "sast_error_rate": 0.0,
      "target_issue_rate": 0.03225806451612903,
      "off_target_issue_rate": 0.06451612903225806,
      "avg_off_target_issue_count": 0.0967741935483871,
      "avg_loc_nonempty": 38.064516129032256,
      "avg_issue_density": 0.0051408196569486895,
      "avg_cyclomatic_approx": 6.967741935483871,
      "avg_functionality_score": 1.0,
      "judge_secure_rate": 0.7692307692307693,
      "avg_risk_delta_first_to_final": 0.04838709677419355,
      "improved_risk_rate": 0.3548387096774194
    },
    "medium": {
      "runs": 32,
      "success_rate": 0.46875,
      "success_rate_ci95": {
        "low": 0.30869129901682335,
        "high": 0.6355076206742619
      },
      "first_attempt_success_rate": 0.46875,
      "avg_risk": 0.03286192925042855,
      "avg_risk_ci95": {
        "low": 0.005381099529413423,
        "high": 0.06034275897144368
      },
      "median_risk": 0.0,
      "avg_total_issues": 0.34375,
      "median_total_issues": 0.0,
      "avg_total_issues_raw": 0.34375,
      "median_total_issues_raw": 0.0,
      "avg_false_positive_count": 0,
      "median_false_positive_count": 0.0,
      "avg_false_positive_rate": 0.0,
      "avg_attempts": 2.59375,
      "fixer_rate": 0.34375,
      "sast_error_rate": 0.0,
      "target_issue_rate": 0.03125,
      "off_target_issue_rate": 0.21875,
      "avg_off_target_issue_count": 0.3125,
      "avg_loc_nonempty": 41.46875,
      "avg_issue_density": 0.010848931799430526,
      "avg_cyclomatic_approx": 7.6875,
      "avg_functionality_score": 1.0,
      "judge_secure_rate": 0.6296296296296297,
      "avg_risk_delta_first_to_final": 0.08733032123604982,
      "improved_risk_rate": 0.40625
    },
    "hard": {
      "runs": 17,
      "success_rate": 0.29411764705882354,
      "success_rate_ci95": {
        "low": 0.132797938655564,
        "high": 0.5313353332621391
      },
      "first_attempt_success_rate": 0.4117647058823529,
      "avg_risk": 0.03749305796644256,
      "avg_risk_ci95": {
        "low": 0.0,
        "high": 0.08125170996227302
      },
      "median_risk": 0.0,
      "avg_total_issues": 0.5294117647058824,
      "median_total_issues": 0,
      "avg_total_issues_raw": 0.5294117647058824,
      "median_total_issues_raw": 0,
      "avg_false_positive_count": 0,
      "median_false_positive_count": 0,
      "avg_false_positive_rate": 0.0,
      "avg_attempts": 2.823529411764706,
      "fixer_rate": 0.47058823529411764,
      "sast_error_rate": 0.0,
      "target_issue_rate": 0.058823529411764705,
      "off_target_issue_rate": 0.23529411764705882,
      "avg_off_target_issue_count": 0.47058823529411764,
      "avg_loc_nonempty": 46.529411764705884,
      "avg_issue_density": 0.009943518046792334,
      "avg_cyclomatic_approx": 8.176470588235293,
      "avg_functionality_score": 1.0,
      "judge_secure_rate": 0.38461538461538464,
      "avg_risk_delta_first_to_final": 0.0759079797698087,
      "improved_risk_rate": 0.5294117647058824
    },
    "very hard": {
      "runs": 28,
      "success_rate": 0.32142857142857145,
      "success_rate_ci95": {
        "low": 0.1793304754342074,
        "high": 0.5066149544436882
      },
      "first_attempt_success_rate": 0.32142857142857145,
      "avg_risk": 0.06455391771847468,
      "avg_risk_ci95": {
        "low": 0.027405391860519872,
        "high": 0.10170244357642949
      },
      "median_risk": 0.0,
      "avg_total_issues": 0.8214285714285714,
      "median_total_issues": 0.0,
      "avg_total_issues_raw": 0.8214285714285714,
      "median_total_issues_raw": 0.0,
      "avg_false_positive_count": 0,
      "median_false_positive_count": 0.0,
      "avg_false_positive_rate": 0.0,
      "avg_attempts": 2.6785714285714284,
      "fixer_rate": 0.35714285714285715,
      "sast_error_rate": 0.0,
      "target_issue_rate": 0.0,
      "off_target_issue_rate": 0.35714285714285715,
      "avg_off_target_issue_count": 0.8214285714285714,
      "avg_loc_nonempty": 41.714285714285715,
      "avg_issue_density": 0.019785419129886128,
      "avg_cyclomatic_approx": 8.678571428571429,
      "avg_functionality_score": 1.0,
      "judge_secure_rate": 0.4166666666666667,
      "avg_risk_delta_first_to_final": 0.061010745267407254,
      "improved_risk_rate": 0.39285714285714285
    }
  },
  "by_combo_size": {
    "2": {
      "runs": 75,
      "success_rate": 0.5333333333333333,
      "success_rate_ci95": {
        "low": 0.4215733915278032,
        "high": 0.6418449054118834
      },
      "first_attempt_success_rate": 0.49333333333333335,
      "avg_risk": 0.0194328757652166,
      "avg_risk_ci95": {
        "low": 0.005588890939797487,
        "high": 0.03327686059063571
      },
      "median_risk": 0.0,
      "avg_total_issues": 0.26666666666666666,
      "median_total_issues": 0,
      "avg_total_issues_raw": 0.26666666666666666,
      "median_total_issues_raw": 0,
      "avg_false_positive_count": 0,
      "median_false_positive_count": 0,
      "avg_false_positive_rate": 0.0,
      "avg_attempts": 2.3733333333333335,
      "fixer_rate": 0.36,
      "sast_error_rate": 0.0,