{
  "experiment": "0206_2003_PHASE_ONE_5",
  "overall": {
    "runs": 120,
    "success_rate": 0.6,
    "avg_risk": 0.012423719002399768,
    "avg_total_issues": 0.16666666666666666,
    "avg_issue_density": 0.00491567384451631,
    "correlations": {
      "risk_vs_loc_nonempty": {
        "pearson_r": 0.08919992484999506,
        "n": 120
      },
      "risk_vs_cyclomatic_approx": {
        "pearson_r": 0.05979107715984241,
        "n": 120
      },
      "risk_vs_attempts_till_success": {
        "pearson_r": 0.23738455935190683,
        "n": 120
      },
      "risk_vs_issue_weight_sum": {
        "pearson_r": 0.9917234409872132,
        "n": 120
      },
      "risk_vs_total_issues": {
        "pearson_r": 0.8913587024420232,
        "n": 120
      }
    }
  },
  "by_difficulty": {
    "very easy": {
      "runs": 43,
      "success_rate": 0.7441860465116279,
      "success_rate_ci95": {
        "low": 0.5976131013174515,
        "high": 0.8507063412293445
      },
      "first_attempt_success_rate": 0.5813953488372093,
      "avg_risk": 0.017029600820149312,
      "avg_risk_ci95": {
        "low": 0.0,
        "high": 0.0354260747975088
      },
      "median_risk": 0.0,
      "avg_total_issues": 0.20930232558139536,
      "median_total_issues": 0,
      "avg_total_issues_raw": 0.20930232558139536,
      "median_total_issues_raw": 0,
      "avg_false_positive_count": 0,
      "median_false_positive_count": 0,
      "avg_false_positive_rate": 0.0,
      "avg_attempts": 2.0697674418604652,
      "fixer_rate": 0.20930232558139536,
      "sast_error_rate": 0.0,
      "target_issue_rate": 0.023255813953488372,
      "off_target_issue_rate": 0.06976744186046512,
      "avg_off_target_issue_count": 0.13953488372093023,
      "avg_loc_nonempty": 37.74418604651163,
      "avg_issue_density": 0.006450984755758317,
      "avg_cyclomatic_approx": 7.651162790697675,
      "avg_functionality_score": 1.0,
      "judge_secure_rate": 0.8048780487804879,
      "avg_risk_delta_first_to_final": 0.053293759458119136,
      "improved_risk_rate": 0.3488372093023256
    },
    "easy": {
      "runs": 30,
      "success_rate": 0.6666666666666666,
      "success_rate_ci95": {
        "low": 0.48779725813830266,
        "high": 0.807697044731538
      },
      "first_attempt_success_rate": 0.5666666666666667,
      "avg_risk": 0.010850909842845327,
      "avg_risk_ci95": {
        "low": 0.0,
        "high": 0.026387904734812874
      },
      "median_risk": 0.0,
      "avg_total_issues": 0.16666666666666666,
      "median_total_issues": 0.0,
      "avg_total_issues_raw": 0.16666666666666666,
      "median_total_issues_raw": 0.0,
      "avg_false_positive_count": 0,
      "median_false_positive_count": 0.0,
      "avg_false_positive_rate": 0.0,
      "avg_attempts": 2.1666666666666665,
      "fixer_rate": 0.26666666666666666,
      "sast_error_rate": 0.0,
      "target_issue_rate": 0.03333333333333333,
      "off_target_issue_rate": 0.06666666666666667,
      "avg_off_target_issue_count": 0.1,
      "avg_loc_nonempty": 36.86666666666667,
      "avg_issue_density": 0.0053121803121803125,
      "avg_cyclomatic_approx": 6.7,
      "avg_functionality_score": 1.0,
      "judge_secure_rate": 0.8,
      "avg_risk_delta_first_to_final": 0.04523809523809524,
      "improved_risk_rate": 0.3333333333333333
    },
    "medium": {
      "runs": 26,
      "success_rate": 0.5,
      "success_rate_ci95": {
        "low": 0.32060306315002074,
        "high": 0.6793969368499793
      },
      "first_attempt_success_rate": 0.5384615384615384,
      "avg_risk": 0.013583424523115967,
      "avg_risk_ci95": {
        "low": 0.0,
        "high": 0.028156188976398322
      },
      "median_risk": 0.0,
      "avg_total_issues": 0.15384615384615385,
      "median_total_issues": 0.0,
      "avg_total_issues_raw": 0.15384615384615385,
      "median_total_issues_raw": 0.0,
      "avg_false_positive_count": 0,
      "median_false_positive_count": 0.0,
      "avg_false_positive_rate": 0.0,
      "avg_attempts": 2.576923076923077,
      "fixer_rate": 0.38461538461538464,
      "sast_error_rate": 0.0,
      "target_issue_rate": 0.0,
      "off_target_issue_rate": 0.15384615384615385,
      "avg_off_target_issue_count": 0.15384615384615385,
      "avg_loc_nonempty": 40.11538461538461,
      "avg_issue_density": 0.0042005722934938036,
      "avg_cyclomatic_approx": 7.576923076923077,
      "avg_functionality_score": 1.0,
      "judge_secure_rate": 0.6363636363636364,
      "avg_risk_delta_first_to_final": 0.09649446130151187,
      "improved_risk_rate": 0.4230769230769231
    },
    "hard": {
      "runs": 11,
      "success_rate": 0.45454545454545453,
      "success_rate_ci95": {
        "low": 0.21270957543988045,
        "high": 0.7199122443100118
      },
      "first_attempt_success_rate": 0.45454545454545453,
      "avg_risk": 0.002932551319648094,
      "avg_risk_ci95": {
        "low": 0.0,
        "high": 0.008680351906158358
      },
      "median_risk": 0.0,
      "avg_total_issues": 0.09090909090909091,
      "median_total_issues": 0,
      "avg_total_issues_raw": 0.09090909090909091,
      "median_total_issues_raw": 0,
      "avg_false_positive_count": 0,
      "median_false_positive_count": 0,
      "avg_false_positive_rate": 0.0,
      "avg_attempts": 2.727272727272727,
      "fixer_rate": 0.45454545454545453,
      "sast_error_rate": 0.0,
      "target_issue_rate": 0.0,
      "off_target_issue_rate": 0.09090909090909091,
      "avg_off_target_issue_count": 0.09090909090909091,
      "avg_loc_nonempty": 37.27272727272727,
      "avg_issue_density": 0.0011507479861910242,
      "avg_cyclomatic_approx": 6.181818181818182,
      "avg_functionality_score": 1.0,
      "judge_secure_rate": 0.5,
      "avg_risk_delta_first_to_final": 0.07715402876693199,
      "improved_risk_rate": 0.5454545454545454
    },
    "very hard": {
      "runs": 10,
      "success_rate": 0.2,
      "success_rate_ci95": {
        "low": 0.05668094798069326,
        "high": 0.5098431532792767
      },
      "first_attempt_success_rate": 0.3,
      "avg_risk": 0.0047619047619047615,
      "avg_risk_ci95": {
        "low": 0.0,
        "high": 0.014095238095238095
      },
      "median_risk": 0.0,
      "avg_total_issues": 0.1,
      "median_total_issues": 0.0,
      "avg_total_issues_raw": 0.1,
      "median_total_issues_raw": 0.0,
      "avg_false_positive_count": 0,
      "median_false_positive_count": 0.0,
      "avg_false_positive_rate": 0.0,
      "avg_attempts": 2.9,
      "fixer_rate": 0.7,
      "sast_error_rate": 0.0,
      "target_issue_rate": 0.0,
      "off_target_issue_rate": 0.1,
      "avg_off_target_issue_count": 0.1,
      "avg_loc_nonempty": 38.4,
      "avg_issue_density": 0.003125,
      "avg_cyclomatic_approx": 8.5,
      "avg_functionality_score": 1.0,
      "judge_secure_rate": 0.2857142857142857,
      "avg_risk_delta_first_to_final": 0.10168350168350168,
      "improved_risk_rate": 0.7
    }
  },
  "by_combo_size": {
    "2": {
      "runs": 69,
      "success_rate": 0.5362318840579711,
      "success_rate_ci95": {
        "low": 0.4197820076036184,
        "high": 0.6488600870236277
      },
      "first_attempt_success_rate": 0.4782608695652174,
      "avg_risk": 0.014566445362468011,
      "avg_risk_ci95": {
        "low": 0.0023875701539062995,
        "high": 0.026745320571029723
      },
      "median_risk": 0.0,
      "avg_total_issues": 0.2028985507246377,
      "median_total_issues": 0,
      "avg_total_issues_raw": 0.2028985507246377,
      "median_total_issues_raw": 0,
      "avg_false_positive_count": 0,
      "median_false_positive_count": 0,
      "avg_false_positive_rate": 0.0,
      "avg_attempts": 2.391304347826087,
      "fixer_rate": 0.37681159420289856,
      "sast_error_rate": 0.0,
      "target_issue_rate": 0.014492753623188406,
      "off_target_issue_rate": 0.10144927536231885,
      "avg_off_target_issue_count": 0.15942028985507245,