{
  "experiment": "exp_0412_1505_vuln__PHASE_ONE_5",
  "overall": {
    "runs": 145,
    "success_rate": 0.6620689655172414,
    "avg_risk": 0.14653295625339016,
    "avg_total_issues": 0.35172413793103446,
    "avg_issue_density": 0.009555818822604024,
    "correlations": {
      "risk_vs_loc_nonempty": {
        "pearson_r": -0.5519704286208055,
        "n": 145
      },
      "risk_vs_cyclomatic_approx": {
        "pearson_r": -0.3323093735290068,
        "n": 145
      },
      "risk_vs_attempts_till_success": {
        "pearson_r": -0.4813521517081205,
        "n": 145
      },
      "risk_vs_issue_weight_sum": {
        "pearson_r": 0.24257109215041797,
        "n": 145
      },
      "risk_vs_total_issues": {
        "pearson_r": 0.17282333671029826,
        "n": 145
      }
    }
  },
  "by_axis": {
    "Unknown": {
      "runs": 145,
      "success_rate": 0.6620689655172414,
      "success_rate_ci95": {
        "low": 0.5817803799119106,
        "high": 0.733991554816015
      },
      "first_attempt_success_rate": 0.1984732824427481,
      "avg_risk": 0.14653295625339016,
      "avg_risk_ci95": {
        "low": 0.09736906912268031,
        "high": 0.1956968433841
      },
      "median_risk": 0.0,
      "avg_total_issues": 0.35172413793103446,
      "median_total_issues": 0,
      "avg_total_issues_raw": 0.3724137931034483,
      "median_total_issues_raw": 0,
      "avg_false_positive_count": 0.020689655172413793,
      "median_false_positive_count": 0,
      "avg_false_positive_rate": 0.03486394557823129,
      "avg_attempts": 1.9586206896551723,
      "fixer_rate": 0.4827586206896552,
      "sast_error_rate": 0.0,
      "target_issue_rate": 0.013793103448275862,
      "off_target_issue_rate": 0.16551724137931034,
      "avg_off_target_issue_count": 0.2896551724137931,
      "avg_loc_nonempty": 33.84137931034483,
      "avg_issue_density": 0.009555818822604024,
      "avg_cyclomatic_approx": 7.492647058823529,
      "avg_functionality_score": 1.0,
      "judge_secure_rate": 0.7741935483870968,
      "avg_risk_delta_first_to_final": 0.3237569752706912,
      "improved_risk_rate": 0.7557251908396947
    }
  },
  "by_difficulty": {
    "unknown": {
      "runs": 145,
      "success_rate": 0.6620689655172414,
      "success_rate_ci95": {
        "low": 0.5817803799119106,
        "high": 0.733991554816015
      },
      "first_attempt_success_rate": 0.1984732824427481,
      "avg_risk": 0.14653295625339016,
      "avg_risk_ci95": {
        "low": 0.09736906912268031,
        "high": 0.1956968433841
      },
      "median_risk": 0.0,
      "avg_total_issues": 0.35172413793103446,
      "median_total_issues": 0,
      "avg_total_issues_raw": 0.3724137931034483,
      "median_total_issues_raw": 0,
      "avg_false_positive_count": 0.020689655172413793,
      "median_false_positive_count": 0,
      "avg_false_positive_rate": 0.03486394557823129,
      "avg_attempts": 1.9586206896551723,
      "fixer_rate": 0.4827586206896552,
      "sast_error_rate": 0.0,
      "target_issue_rate": 0.013793103448275862,
      "off_target_issue_rate": 0.16551724137931034,
      "avg_off_target_issue_count": 0.2896551724137931,
      "avg_loc_nonempty": 33.84137931034483,
      "avg_issue_density": 0.009555818822604024,
      "avg_cyclomatic_approx": 7.492647058823529,
      "avg_functionality_score": 1.0,
      "judge_secure_rate": 0.7741935483870968,
      "avg_risk_delta_first_to_final": 0.3237569752706912,
      "improved_risk_rate": 0.7557251908396947
    }
  },
  "by_combo_size": {
    "1": {
      "runs": 68,
      "success_rate": 0.6470588235294118,
      "success_rate_ci95": {
        "low": 0.5284083420991774,
        "high": 0.7499818941984553
      },
      "first_attempt_success_rate": 0.18333333333333332,
      "avg_risk": 0.1565546536886991,
      "avg_risk_ci95": {
        "low": 0.07878845491474759,
        "high": 0.23432085246265064
      },
      "median_risk": 0.0,
      "avg_total_issues": 0.35294117647058826,
      "median_total_issues": 0.0,
      "avg_total_issues_raw": 0.38235294117647056,
      "median_total_issues_raw": 0.0,
      "avg_false_positive_count": 0.029411764705882353,
      "median_false_positive_count": 0.0,
      "avg_false_positive_rate": 0.05844155844155844,
      "avg_attempts": 1.8970588235294117,
      "fixer_rate": 0.4852941176470588,
      "sast_error_rate": 0.0,
      "target_issue_rate": 0.0,
      "off_target_issue_rate": 0.1323529411764706,
      "avg_off_target_issue_count": 0.25,
      "avg_loc_nonempty": 29.61764705882353,
      "avg_issue_density": 0.010420608325126712,
      "avg_cyclomatic_approx": 6.327868852459017,
      "avg_functionality_score": 1.0,
      "judge_secure_rate": 0.8,
      "avg_risk_delta_first_to_final": 0.36397283101651506,
      "improved_risk_rate": 0.8
    },
    "2": {
      "runs": 26,
      "success_rate": 0.6538461538461539,
      "success_rate_ci95": {
        "low": 0.46220229009632996,
        "high": 0.8058798502714787
      },
      "first_attempt_success_rate": 0.36,
      "avg_risk": 0.11380793119923555,
      "avg_risk_ci95": {
        "low": 0.026924026406629234,
        "high": 0.20069183599184187
      },
      "median_risk": 0.0,
      "avg_total_issues": 0.46153846153846156,
      "median_total_issues": 0.0,
      "avg_total_issues_raw": 0.5,
      "median_total_issues_raw": 0.0,
      "avg_false_positive_count": 0.038461538461538464,
      "median_false_positive_count": 0.0,
      "avg_false_positive_rate": 0.047619047619047616,
      "avg_attempts": 1.9230769230769231,
      "fixer_rate": 0.3076923076923077,
      "sast_error_rate": 0.0,
      "target_issue_rate": 0.0,
      "off_target_issue_rate": 0.2692307692307692,
      "avg_off_target_issue_count": 0.46153846153846156,
      "avg_loc_nonempty": 35.15384615384615,
      "avg_issue_density": 0.01144252202109345,
      "avg_cyclomatic_approx": 8.36,
      "avg_functionality_score": 1.0,
      "judge_secure_rate": 0.7083333333333334,
      "avg_risk_delta_first_to_final": 0.1895005315874881,
      "improved_risk_rate": 0.56
    },
    "3": {
      "runs": 21,
      "success_rate": 0.6190476190476191,
      "success_rate_ci95": {
        "low": 0.40878295815501514,
        "high": 0.7924923220201749
      },
      "first_attempt_success_rate": 0.0,
      "avg_risk": 0.15282012673317022,
      "avg_risk_ci95": {
        "low": 0.02356867721367939,
        "high": 0.28207157625266105
      },
      "median_risk": 0.0,
      "avg_total_issues": 0.2857142857142857,
      "median_total_issues": 0,
      "avg_total_issues_raw": 0.2857142857142857,
      "median_total_issues_raw": 0,
      "avg_false_positive_count": 0,
      "median_false_positive_count": 0,
      "avg_false_positive_rate": 0.0,
      "avg_attempts": 2.238095238095238,
      "fixer_rate": 0.6190476190476191,
      "sast_error_rate": 0.0,
      "target_issue_rate": 0.09523809523809523,
      "off_target_issue_rate": 0.14285714285714285,
      "avg_off_target_issue_count": 0.19047619047619047,
      "avg_loc_nonempty": 38.38095238095238,
      "avg_issue_density": 0.0068295976303067085,
      "avg_cyclomatic_approx": 7.95,
      "avg_functionality_score": 1.0,
      "judge_secure_rate": 0.7222222222222222,
      "avg_risk_delta_first_to_final": 0.40176339700909136,
      "improved_risk_rate": 0.9473684210526315
    },
    "4": {
      "runs": 30,
      "success_rate": 0.7333333333333333,
      "success_rate_ci95": {
        "low": 0.5555169795568831,
        "high": 0.8581750444608938
      },
      "first_attempt_success_rate": 0.2222222222222222,
      "avg_risk": 0.14777777777777779,
      "avg_risk_ci95": {
        "low": 0.03607096057403056,
        "high": 0.259484594981525
      },
      "median_risk": 0.0,
      "avg_total_issues": 0.3,
      "median_total_issues": 0.0,
      "avg_total_issues_raw": 0.3,
      "median_total_issues_raw": 0.0,
      "avg_false_positive_count": 0,
      "median_false_positive_count": 0.0,