{
  "experiment": "exp_0212_2358_vuln__PHASE_ONE_5",
  "overall": {
    "runs": 24,
    "success_rate": 0.4166666666666667,
    "avg_risk": 0.2129130129130129,
    "avg_total_issues": 1.5833333333333333,
    "avg_issue_density": 0.042692207778264546,
    "correlations": {
      "risk_vs_loc_nonempty": {
        "pearson_r": 0.014666544872552669,
        "n": 24
      },
      "risk_vs_cyclomatic_approx": {
        "pearson_r": -0.045666890874038336,
        "n": 24
      },
      "risk_vs_attempts_till_success": {
        "pearson_r": null,
        "n": 24
      },
      "risk_vs_issue_weight_sum": {
        "pearson_r": 0.9333632991423212,
        "n": 24
      },
      "risk_vs_total_issues": {
        "pearson_r": 0.9627766369035545,
        "n": 24
      }
    }
  },
  "by_difficulty": {
    "very easy": {
      "runs": 17,
      "success_rate": 0.5294117647058824,
      "success_rate_ci95": {
        "low": 0.30962897311549487,
        "high": 0.738351988039119
      },
      "first_attempt_success_rate": 0.5294117647058824,
      "avg_risk": 0.15265257618198794,
      "avg_risk_ci95": {
        "low": 0.058201012669345006,
        "high": 0.24710413969463085
      },
      "median_risk": 0.0,
      "avg_total_issues": 1.1764705882352942,
      "median_total_issues": 0,
      "avg_total_issues_raw": 1.1764705882352942,
      "median_total_issues_raw": 0,
      "avg_false_positive_count": 0,
      "median_false_positive_count": 0,
      "avg_false_positive_rate": 0.0,
      "avg_attempts": 1,
      "fixer_rate": 0.0,
      "sast_error_rate": 0.0,
      "target_issue_rate": 0.0,
      "off_target_issue_rate": 0.47058823529411764,
      "avg_off_target_issue_count": 1.1764705882352942,
      "avg_loc_nonempty": 43.88235294117647,
      "avg_issue_density": 0.035317002652830845,
      "avg_cyclomatic_approx": 8.117647058823529,
      "avg_functionality_score": 0.9529411764705883,
      "judge_secure_rate": 0.5294117647058824,
      "avg_risk_delta_first_to_final": 0.0,
      "improved_risk_rate": 0.0
    },
    "easy": {
      "runs": 6,
      "success_rate": 0.16666666666666666,
      "success_rate_ci95": {
        "low": 0.03005258587173032,
        "high": 0.563509436563646
      },
      "first_attempt_success_rate": 0.16666666666666666,
      "avg_risk": 0.35347985347985345,
      "avg_risk_ci95": {
        "low": 0.16339546745330683,
        "high": 0.5435642395064001
      },
      "median_risk": 0.38095238095238093,
      "avg_total_issues": 2.5,
      "median_total_issues": 2.5,
      "avg_total_issues_raw": 2.5,
      "median_total_issues_raw": 2.5,
      "avg_false_positive_count": 0,
      "median_false_positive_count": 0.0,
      "avg_false_positive_rate": 0.0,
      "avg_attempts": 1,
      "fixer_rate": 0.0,
      "sast_error_rate": 0.0,
      "target_issue_rate": 0.3333333333333333,
      "off_target_issue_rate": 0.6666666666666666,
      "avg_off_target_issue_count": 1.3333333333333333,
      "avg_loc_nonempty": 44.833333333333336,
      "avg_issue_density": 0.05719047674985727,
      "avg_cyclomatic_approx": 8.333333333333334,
      "avg_functionality_score": 0.8833333333333333,
      "judge_secure_rate": 0.16666666666666666,
      "avg_risk_delta_first_to_final": 0.0,
      "improved_risk_rate": 0.0
    },
    "medium": {
      "runs": 1,
      "success_rate": 0.0,
      "success_rate_ci95": {
        "low": 0.0,
        "high": 0.7934567085261071
      },
      "first_attempt_success_rate": 0.0,
      "avg_risk": 0.3939393939393939,
      "avg_risk_ci95": null,
      "median_risk": 0.3939393939393939,
      "avg_total_issues": 3,
      "median_total_issues": 3,
      "avg_total_issues_raw": 3,
      "median_total_issues_raw": 3,
      "avg_false_positive_count": 0,
      "median_false_positive_count": 0,
      "avg_false_positive_rate": 0.0,
      "avg_attempts": 1,
      "fixer_rate": 0.0,
      "sast_error_rate": 0.0,
      "target_issue_rate": 0.0,
      "off_target_issue_rate": 1.0,
      "avg_off_target_issue_count": 3,
      "avg_loc_nonempty": 37,
      "avg_issue_density": 0.08108108108108109,
      "avg_cyclomatic_approx": 9,
      "avg_functionality_score": 0.8,
      "judge_secure_rate": 0.0,
      "avg_risk_delta_first_to_final": 0.0,
      "improved_risk_rate": 0.0
    }
  },
  "by_combo_size": {
    "2": {
      "runs": 19,
      "success_rate": 0.42105263157894735,
      "success_rate_ci95": {
        "low": 0.2314162039203038,
        "high": 0.6372444853483988
      },
      "first_attempt_success_rate": 0.42105263157894735,
      "avg_risk": 0.19942279942279942,
      "avg_risk_ci95": {
        "low": 0.10725554951588422,
        "high": 0.2915900493297146
      },
      "median_risk": 0.2,
      "avg_total_issues": 1.4736842105263157,
      "median_total_issues": 1,
      "avg_total_issues_raw": 1.4736842105263157,
      "median_total_issues_raw": 1,
      "avg_false_positive_count": 0,
      "median_false_positive_count": 0,
      "avg_false_positive_rate": 0.0,
      "avg_attempts": 1,
      "fixer_rate": 0.0,
      "sast_error_rate": 0.0,
      "target_issue_rate": 0.05263157894736842,
      "off_target_issue_rate": 0.5789473684210527,
      "avg_off_target_issue_count": 1.4210526315789473,
      "avg_loc_nonempty": 28.105263157894736,
      "avg_issue_density": 0.04530454286194593,
      "avg_cyclomatic_approx": 6.368421052631579,
      "avg_functionality_score": 0.9368421052631579,
      "judge_secure_rate": 0.42105263157894735,
      "avg_risk_delta_first_to_final": 0.0,
      "improved_risk_rate": 0.0
    },
    "4": {
      "runs": 5,
      "success_rate": 0.4,
      "success_rate_ci95": {
        "low": 0.1176182311592533,
        "high": 0.769280067791163
      },
      "first_attempt_success_rate": 0.4,
      "avg_risk": 0.2641758241758242,
      "avg_risk_ci95": {
        "low": 0.003407757012547863,
        "high": 0.5249438913391005
      },
      "median_risk": 0.2,
      "avg_total_issues": 2,
      "median_total_issues": 1,
      "avg_total_issues_raw": 2,
      "median_total_issues_raw": 1,
      "avg_false_positive_count": 0,
      "median_false_positive_count": 0,
      "avg_false_positive_rate": 0.0,
      "avg_attempts": 1,
      "fixer_rate": 0.0,
      "sast_error_rate": 0.0,
      "target_issue_rate": 0.2,
      "off_target_issue_rate": 0.4,
      "avg_off_target_issue_count": 0.8,
      "avg_loc_nonempty": 103.6,
      "avg_issue_density": 0.0327653344602753,
      "avg_cyclomatic_approx": 15.2,
      "avg_functionality_score": 0.9,
      "judge_secure_rate": 0.4,
      "avg_risk_delta_first_to_final": 0.0,
      "improved_risk_rate": 0.0
    }
  }
}