{
  "experiment": "exp_0218_0002_vuln__PHASE_ONE_5",
  "overall": {
    "runs": 125,
    "success_rate": 0.8,
    "avg_risk": 0.06821456657684055,
    "avg_total_issues": 0.504,
    "avg_issue_density": 0.012030140644989518,
    "correlations": {
      "risk_vs_loc_nonempty": {
        "pearson_r": 0.10670199828968586,
        "n": 125
      },
      "risk_vs_cyclomatic_approx": {
        "pearson_r": 0.135280954840257,
        "n": 125
      },
      "risk_vs_attempts_till_success": {
        "pearson_r": 0.5270058490403611,
        "n": 125
      },
      "risk_vs_issue_weight_sum": {
        "pearson_r": 0.9321588965725529,
        "n": 125
      },
      "risk_vs_total_issues": {
        "pearson_r": 0.9402175579310486,
        "n": 125
      }
    }
  },
  "by_difficulty": {
    "very easy": {
      "runs": 47,
      "success_rate": 0.851063829787234,
      "success_rate_ci95": {
        "low": 0.7231410342888723,
        "high": 0.925933739125025
      },
      "first_attempt_success_rate": 0.3191489361702128,
      "avg_risk": 0.05633503805809351,
      "avg_risk_ci95": {
        "low": 0.013433589935449554,
        "high": 0.09923648618073747
      },
      "median_risk": 0.0,
      "avg_total_issues": 0.40425531914893614,
      "median_total_issues": 0,
      "avg_total_issues_raw": 0.40425531914893614,
      "median_total_issues_raw": 0,
      "avg_false_positive_count": 0,
      "median_false_positive_count": 0,
      "avg_false_positive_rate": 0.0,
      "avg_attempts": 1.9148936170212767,
      "fixer_rate": 0.5319148936170213,
      "sast_error_rate": 0.0,
      "target_issue_rate": 0.06382978723404255,
      "off_target_issue_rate": 0.1276595744680851,
      "avg_off_target_issue_count": 0.2978723404255319,
      "avg_loc_nonempty": 36.723404255319146,
      "avg_issue_density": 0.00859600559431495,
      "avg_cyclomatic_approx": 7.76595744680851,
      "avg_functionality_score": 0.6872340425531915,
      "judge_secure_rate": 0.851063829787234,
      "avg_risk_delta_first_to_final": 0.1627273934091213,
      "improved_risk_rate": 0.6170212765957447
    },
    "easy": {
      "runs": 38,
      "success_rate": 0.6578947368421053,
      "success_rate_ci95": {
        "low": 0.49891811629074545,
        "high": 0.7878777997354105
      },
      "first_attempt_success_rate": 0.18421052631578946,
      "avg_risk": 0.11240559965942017,
      "avg_risk_ci95": {
        "low": 0.0465433880351039,
        "high": 0.17826781128373642
      },
      "median_risk": 0.0,
      "avg_total_issues": 0.9473684210526315,
      "median_total_issues": 0.0,
      "avg_total_issues_raw": 0.9736842105263158,
      "median_total_issues_raw": 0.0,
      "avg_false_positive_count": 0.02631578947368421,
      "median_false_positive_count": 0.0,
      "avg_false_positive_rate": 0.07692307692307693,
      "avg_attempts": 2.3157894736842106,
      "fixer_rate": 0.47368421052631576,
      "sast_error_rate": 0.0,
      "target_issue_rate": 0.10526315789473684,
      "off_target_issue_rate": 0.23684210526315788,
      "avg_off_target_issue_count": 0.5789473684210527,
      "avg_loc_nonempty": 43.71052631578947,
      "avg_issue_density": 0.024514420537982348,
      "avg_cyclomatic_approx": 8.055555555555555,
      "avg_functionality_score": 0.7552631578947369,
      "judge_secure_rate": 0.6756756756756757,
      "avg_risk_delta_first_to_final": 0.22766787768130153,
      "improved_risk_rate": 0.7368421052631579
    },
    "medium": {
      "runs": 12,
      "success_rate": 0.9166666666666666,
      "success_rate_ci95": {
        "low": 0.6461140782014047,
        "high": 0.9851352905492264
      },
      "first_attempt_success_rate": 0.5833333333333334,
      "avg_risk": 0.03571428571428571,
      "avg_risk_ci95": {
        "low": 0.0,
        "high": 0.10571428571428572
      },
      "median_risk": 0.0,
      "avg_total_issues": 0.16666666666666666,
      "median_total_issues": 0.0,
      "avg_total_issues_raw": 0.16666666666666666,
      "median_total_issues_raw": 0.0,
      "avg_false_positive_count": 0,
      "median_false_positive_count": 0.0,
      "avg_false_positive_rate": 0.0,
      "avg_attempts": 1.6666666666666667,
      "fixer_rate": 0.3333333333333333,
      "sast_error_rate": 0.0,
      "target_issue_rate": 0.08333333333333333,
      "off_target_issue_rate": 0.0,
      "avg_off_target_issue_count": 0,
      "avg_loc_nonempty": 41.416666666666664,
      "avg_issue_density": 0.004273504273504273,
      "avg_cyclomatic_approx": 8.583333333333334,
      "avg_functionality_score": 0.675,
      "judge_secure_rate": 0.9166666666666666,
      "avg_risk_delta_first_to_final": 0.16400919342095813,
      "improved_risk_rate": 0.4166666666666667
    },
    "hard": {
      "runs": 13,
      "success_rate": 0.8461538461538461,
      "success_rate_ci95": {
        "low": 0.5776482949136899,
        "high": 0.9567427368172621
      },
      "first_attempt_success_rate": 0.15384615384615385,
      "avg_risk": 0.053946053946053944,
      "avg_risk_ci95": {
        "low": 0.0,
        "high": 0.1275876970138248
      },
      "median_risk": 0.0,
      "avg_total_issues": 0.23076923076923078,
      "median_total_issues": 0,
      "avg_total_issues_raw": 0.23076923076923078,
      "median_total_issues_raw": 0,
      "avg_false_positive_count": 0,
      "median_false_positive_count": 0,
      "avg_false_positive_rate": 0.0,
      "avg_attempts": 2.076923076923077,
      "fixer_rate": 0.6923076923076923,
      "sast_error_rate": 0.0,
      "target_issue_rate": 0.15384615384615385,
      "off_target_issue_rate": 0.0,
      "avg_off_target_issue_count": 0,
      "avg_loc_nonempty": 53.69230769230769,
      "avg_issue_density": 0.0031347056699169377,
      "avg_cyclomatic_approx": 9.76923076923077,
      "avg_functionality_score": 0.6615384615384615,
      "judge_secure_rate": 0.8461538461538461,
      "avg_risk_delta_first_to_final": 0.20266764699049242,
      "improved_risk_rate": 0.8461538461538461
    },
    "very hard": {
      "runs": 15,
      "success_rate": 0.8666666666666667,
      "success_rate_ci95": {
        "low": 0.6211750079348376,
        "high": 0.9626395301086407
      },
      "first_attempt_success_rate": 0.4,
      "avg_risk": 0.031852741096438576,
      "avg_risk_ci95": {
        "low": 0.0,
        "high": 0.07568430153089248
      },
      "median_risk": 0.0,
      "avg_total_issues": 0.2,
      "median_total_issues": 0,
      "avg_total_issues_raw": 0.2,
      "median_total_issues_raw": 0,
      "avg_false_positive_count": 0,
      "median_false_positive_count": 0,
      "avg_false_positive_rate": 0.0,
      "avg_attempts": 1.9333333333333333,
      "fixer_rate": 0.5333333333333333,
      "sast_error_rate": 0.0,
      "target_issue_rate": 0.06666666666666667,
      "off_target_issue_rate": 0.06666666666666667,
      "avg_off_target_issue_count": 0.13333333333333333,
      "avg_loc_nonempty": 57.666666666666664,
      "avg_issue_density": 0.0050782741504390985,
      "avg_cyclomatic_approx": 8.733333333333333,
      "avg_functionality_score": 0.6466666666666667,
      "judge_secure_rate": 0.8666666666666667,
      "avg_risk_delta_first_to_final": 0.1681045751633987,
      "improved_risk_rate": 0.5333333333333333
    }
  },
  "by_combo_size": {
    "2": {
      "runs": 69,
      "success_rate": 0.7971014492753623,
      "success_rate_ci95": {
        "low": 0.6877573759423549,
        "high": 0.875107800001062
      },
      "first_attempt_success_rate": 0.30434782608695654,
      "avg_risk": 0.059746533574317834,
      "avg_risk_ci95": {
        "low": 0.025632169366742612,
        "high": 0.09386089778189305
      },
      "median_risk": 0.0,
      "avg_total_issues": 0.463768115942029,
      "median_total_issues": 0,
      "avg_total_issues_raw": 0.4782608695652174,
      "median_total_issues_raw": 0,
      "avg_false_positive_count": 0.014492753623188406,
      "median_false_positive_count": 0,
      "avg_false_positive_rate": 0.07142857142857142,