{
  "experiment": "0207_1107_PHASE_THREE",
  "overall": {
    "runs": 133,
    "success_rate": 0.5037593984962406,
    "avg_risk": 0.027106222263274013,
    "avg_total_issues": 0.3082706766917293,
    "avg_issue_density": 0.008969192141208553,
    "correlations": {
      "risk_vs_loc_nonempty": {
        "pearson_r": 0.09245050391616719,
        "n": 133
      },
      "risk_vs_cyclomatic_approx": {
        "pearson_r": 0.026777317630559044,
        "n": 133
      },
      "risk_vs_attempts_till_success": {
        "pearson_r": 0.3685901875577097,
        "n": 133
      },
      "risk_vs_issue_weight_sum": {
        "pearson_r": 0.995857969220355,
        "n": 133
      },
      "risk_vs_total_issues": {
        "pearson_r": 0.7147863475962196,
        "n": 133
      }
    }
  },
  "by_difficulty": {
    "very easy": {
      "runs": 41,
      "success_rate": 0.5121951219512195,
      "success_rate_ci95": {
        "low": 0.36484259315865186,
        "high": 0.657458127600643
      },
      "first_attempt_success_rate": 0.4878048780487805,
      "avg_risk": 0.016027041990850015,
      "avg_risk_ci95": {
        "low": 0.0005811724758583662,
        "high": 0.031472911505841666
      },
      "median_risk": 0.0,
      "avg_total_issues": 0.1951219512195122,
      "median_total_issues": 0,
      "avg_total_issues_raw": 0.24390243902439024,
      "median_total_issues_raw": 0,
      "avg_false_positive_count": 0.04878048780487805,
      "median_false_positive_count": 0,
      "avg_false_positive_rate": 0.25,
      "avg_attempts": 2.4878048780487805,
      "fixer_rate": 0.5121951219512195,
      "sast_error_rate": 0.0,
      "target_issue_rate": 0.0,
      "off_target_issue_rate": 0.14634146341463414,
      "avg_off_target_issue_count": 0.1951219512195122,
      "avg_loc_nonempty": 32.78048780487805,
      "avg_issue_density": 0.005039918676934459,
      "avg_cyclomatic_approx": 7.2926829268292686,
      "avg_functionality_score": 1.0,
      "judge_secure_rate": 0.5833333333333334,
      "avg_risk_delta_first_to_final": 0.05226480836236933,
      "improved_risk_rate": 0.36585365853658536
    },
    "easy": {
      "runs": 51,
      "success_rate": 0.5294117647058824,
      "success_rate_ci95": {
        "low": 0.3952307134472659,
        "high": 0.6594722857358359
      },
      "first_attempt_success_rate": 0.45098039215686275,
      "avg_risk": 0.02697291333273858,
      "avg_risk_ci95": {
        "low": 0.009785610206228236,
        "high": 0.044160216459248926
      },
      "median_risk": 0.0,
      "avg_total_issues": 0.3333333333333333,
      "median_total_issues": 0,
      "avg_total_issues_raw": 0.4117647058823529,
      "median_total_issues_raw": 0,
      "avg_false_positive_count": 0.0784313725490196,
      "median_false_positive_count": 0,
      "avg_false_positive_rate": 0.20833333333333334,
      "avg_attempts": 2.3333333333333335,
      "fixer_rate": 0.39215686274509803,
      "sast_error_rate": 0.0,
      "target_issue_rate": 0.0392156862745098,
      "off_target_issue_rate": 0.1568627450980392,
      "avg_off_target_issue_count": 0.19607843137254902,
      "avg_loc_nonempty": 39,
      "avg_issue_density": 0.010368307986720143,
      "avg_cyclomatic_approx": 7.9,
      "avg_functionality_score": 1.0,
      "judge_secure_rate": 0.54,
      "avg_risk_delta_first_to_final": 0.057091133014525626,
      "improved_risk_rate": 0.35294117647058826
    },
    "medium": {
      "runs": 17,
      "success_rate": 0.5882352941176471,
      "success_rate_ci95": {
        "low": 0.36005074385515545,
        "high": 0.7838921396086862
      },
      "first_attempt_success_rate": 0.17647058823529413,
      "avg_risk": 0.04020963223999277,
      "avg_risk_ci95": {
        "low": 0.008550394327973922,
        "high": 0.07186887015201163
      },
      "median_risk": 0.0,
      "avg_total_issues": 0.47058823529411764,
      "median_total_issues": 0,
      "avg_total_issues_raw": 0.6470588235294118,
      "median_total_issues_raw": 0,
      "avg_false_positive_count": 0.17647058823529413,
      "median_false_positive_count": 0,
      "avg_false_positive_rate": 0.3125,
      "avg_attempts": 2.4705882352941178,
      "fixer_rate": 0.5882352941176471,
      "sast_error_rate": 0.0,
      "target_issue_rate": 0.0,
      "off_target_issue_rate": 0.35294117647058826,
      "avg_off_target_issue_count": 0.47058823529411764,
      "avg_loc_nonempty": 39.23529411764706,
      "avg_issue_density": 0.012149038165474151,
      "avg_cyclomatic_approx": 7.882352941176471,
      "avg_functionality_score": 1.0,
      "judge_secure_rate": 0.625,
      "avg_risk_delta_first_to_final": 0.06862745098039215,
      "improved_risk_rate": 0.47058823529411764
    },
    "hard": {
      "runs": 17,
      "success_rate": 0.29411764705882354,
      "success_rate_ci95": {
        "low": 0.132797938655564,
        "high": 0.5313353332621391
      },
      "first_attempt_success_rate": 0.5882352941176471,
      "avg_risk": 0.0522845006671205,
      "avg_risk_ci95": {
        "low": 0.002842870615523699,
        "high": 0.1017261307187173
      },
      "median_risk": 0.0,
      "avg_total_issues": 0.47058823529411764,
      "median_total_issues": 0,
      "avg_total_issues_raw": 0.5882352941176471,
      "median_total_issues_raw": 0,
      "avg_false_positive_count": 0.11764705882352941,
      "median_false_positive_count": 0,
      "avg_false_positive_rate": 0.13333333333333333,
      "avg_attempts": 2.7058823529411766,
      "fixer_rate": 0.17647058823529413,
      "sast_error_rate": 0.0,
      "target_issue_rate": 0.11764705882352941,
      "off_target_issue_rate": 0.23529411764705882,
      "avg_off_target_issue_count": 0.29411764705882354,
      "avg_loc_nonempty": 44.76470588235294,
      "avg_issue_density": 0.014761678405331581,
      "avg_cyclomatic_approx": 7.9411764705882355,
      "avg_functionality_score": 1.0,
      "judge_secure_rate": 0.29411764705882354,
      "avg_risk_delta_first_to_final": 0.02495198833407438,
      "improved_risk_rate": 0.17647058823529413
    },
    "very hard": {
      "runs": 7,
      "success_rate": 0.5714285714285714,
      "success_rate_ci95": {
        "low": 0.2504542304090258,
        "high": 0.8417830777373732
      },
      "first_attempt_success_rate": 0.7142857142857143,
      "avg_risk": 0.0,
      "avg_risk_ci95": {
        "low": 0.0,
        "high": 0.0
      },
      "median_risk": 0.0,
      "avg_total_issues": 0,
      "median_total_issues": 0,
      "avg_total_issues_raw": 0,
      "median_total_issues_raw": 0,
      "avg_false_positive_count": 0,
      "median_false_positive_count": 0,
      "avg_false_positive_rate": null,
      "avg_attempts": 2.4285714285714284,
      "fixer_rate": 0.5714285714285714,
      "sast_error_rate": 0.0,
      "target_issue_rate": 0.0,
      "off_target_issue_rate": 0.0,
      "avg_off_target_issue_count": 0,
      "avg_loc_nonempty": 38,
      "avg_issue_density": 0.0,
      "avg_cyclomatic_approx": 7.428571428571429,
      "avg_functionality_score": 1.0,
      "judge_secure_rate": 0.5714285714285714,
      "avg_risk_delta_first_to_final": 0.04081632653061224,
      "improved_risk_rate": 0.2857142857142857
    }
  },
  "by_combo_size": {
    "2": {
      "runs": 86,
      "success_rate": 0.5465116279069767,
      "success_rate_ci95": {
        "low": 0.44155981420304113,
        "high": 0.6474857949579708
      },
      "first_attempt_success_rate": 0.5116279069767442,
      "avg_risk": 0.01818401930930063,
      "avg_risk_ci95": {
        "low": 0.006066064162078879,
        "high": 0.030301974456522378
      },
      "median_risk": 0.0,
      "avg_total_issues": 0.18604651162790697,
      "median_total_issues": 0.0,
      "avg_total_issues_raw": 0.2441860465116279,
      "median_total_issues_raw": 0.0,
      "avg_false_positive_count": 0.05813953488372093,
      "median_false_positive_count": 0.0,
      "avg_false_positive_rate": 0.28125,
      "avg_attempts": 2.4069767441860463,