{
  "experiment": "exp_0213_0152_vuln__PHASE_THREE",
  "overall": {
    "runs": 198,
    "success_rate": 0.3939393939393939,
    "avg_risk": 0.18861682526126022,
    "avg_total_issues": 1.3636363636363635,
    "avg_issue_density": 0.03855163920142571,
    "correlations": {
      "risk_vs_loc_nonempty": {
        "pearson_r": 0.11293839767200974,
        "n": 198
      },
      "risk_vs_cyclomatic_approx": {
        "pearson_r": 0.15983719740228877,
        "n": 198
      },
      "risk_vs_attempts_till_success": {
        "pearson_r": -0.008714277579807457,
        "n": 198
      },
      "risk_vs_issue_weight_sum": {
        "pearson_r": 0.8776811516871398,
        "n": 198
      },
      "risk_vs_total_issues": {
        "pearson_r": 0.9075075109533057,
        "n": 198
      }
    }
  },
  "by_difficulty": {
    "very easy": {
      "runs": 49,
      "success_rate": 0.30612244897959184,
      "success_rate_ci95": {
        "low": 0.1951532349314748,
        "high": 0.4452815740069374
      },
      "first_attempt_success_rate": 0.30612244897959184,
      "avg_risk": 0.21813820853306212,
      "avg_risk_ci95": {
        "low": 0.16441256620374847,
        "high": 0.27186385086237574
      },
      "median_risk": 0.2,
      "avg_total_issues": 1.510204081632653,
      "median_total_issues": 1,
      "avg_total_issues_raw": 1.510204081632653,
      "median_total_issues_raw": 1,
      "avg_false_positive_count": 0,
      "median_false_positive_count": 0,
      "avg_false_positive_rate": 0.0,
      "avg_attempts": 1,
      "fixer_rate": 0.0,
      "sast_error_rate": 0.0,
      "target_issue_rate": 0.12244897959183673,
      "off_target_issue_rate": 0.5918367346938775,
      "avg_off_target_issue_count": 1.3265306122448979,
      "avg_loc_nonempty": 36.204081632653065,
      "avg_issue_density": 0.05751647494290883,
      "avg_cyclomatic_approx": 6.833333333333333,
      "avg_functionality_score": 0.936734693877551,
      "judge_secure_rate": 0.3125,
      "avg_risk_delta_first_to_final": 0.02040816326530612,
      "improved_risk_rate": 0.02040816326530612
    },
    "easy": {
      "runs": 29,
      "success_rate": 0.3103448275862069,
      "success_rate_ci95": {
        "low": 0.17275424489768065,
        "high": 0.49230470472718546
      },
      "first_attempt_success_rate": 0.2413793103448276,
      "avg_risk": 0.20483637024164228,
      "avg_risk_ci95": {
        "low": 0.13643609637439807,
        "high": 0.2732366441088865
      },
      "median_risk": 0.2,
      "avg_total_issues": 1.3793103448275863,
      "median_total_issues": 1,
      "avg_total_issues_raw": 1.3793103448275863,
      "median_total_issues_raw": 1,
      "avg_false_positive_count": 0,
      "median_false_positive_count": 0,
      "avg_false_positive_rate": 0.0,
      "avg_attempts": 1.0689655172413792,
      "fixer_rate": 0.06896551724137931,
      "sast_error_rate": 0.0,
      "target_issue_rate": 0.034482758620689655,
      "off_target_issue_rate": 0.6206896551724138,
      "avg_off_target_issue_count": 1.2758620689655173,
      "avg_loc_nonempty": 38.41379310344828,
      "avg_issue_density": 0.04553337595195513,
      "avg_cyclomatic_approx": 6.928571428571429,
      "avg_functionality_score": 0.9379310344827586,
      "judge_secure_rate": 0.32142857142857145,
      "avg_risk_delta_first_to_final": 0.05123152709359606,
      "improved_risk_rate": 0.10344827586206896
    },
    "medium": {
      "runs": 20,
      "success_rate": 0.55,
      "success_rate_ci95": {
        "low": 0.3420820083075997,
        "high": 0.7418049791429071
      },
      "first_attempt_success_rate": 0.55,
      "avg_risk": 0.13093240093240094,
      "avg_risk_ci95": {
        "low": 0.06071538683754682,
        "high": 0.20114941502725506
      },
      "median_risk": 0.0,
      "avg_total_issues": 0.9,
      "median_total_issues": 0.0,
      "avg_total_issues_raw": 0.9,
      "median_total_issues_raw": 0.0,
      "avg_false_positive_count": 0,
      "median_false_positive_count": 0.0,
      "avg_false_positive_rate": 0.0,
      "avg_attempts": 1,
      "fixer_rate": 0.0,
      "sast_error_rate": 0.0,
      "target_issue_rate": 0.0,
      "off_target_issue_rate": 0.45,
      "avg_off_target_issue_count": 0.9,
      "avg_loc_nonempty": 33.05,
      "avg_issue_density": 0.02855143555453153,
      "avg_cyclomatic_approx": 7,
      "avg_functionality_score": 0.92,
      "judge_secure_rate": 0.55,
      "avg_risk_delta_first_to_final": 0.0,
      "improved_risk_rate": 0.0
    },
    "hard": {
      "runs": 20,
      "success_rate": 0.2,
      "success_rate_ci95": {
        "low": 0.0806563532712,
        "high": 0.41602172202575993
      },
      "first_attempt_success_rate": 0.21052631578947367,
      "avg_risk": 0.2090403532438765,
      "avg_risk_ci95": {
        "low": 0.13075109961746648,
        "high": 0.2873296068702865
      },
      "median_risk": 0.2,
      "avg_total_issues": 1.55,
      "median_total_issues": 1.0,
      "avg_total_issues_raw": 1.55,
      "median_total_issues_raw": 1.0,
      "avg_false_positive_count": 0,
      "median_false_positive_count": 0.0,
      "avg_false_positive_rate": 0.0,
      "avg_attempts": 1,
      "fixer_rate": 0.0,
      "sast_error_rate": 0.0,
      "target_issue_rate": 0.15,
      "off_target_issue_rate": 0.7,
      "avg_off_target_issue_count": 1.35,
      "avg_loc_nonempty": 52.05,
      "avg_issue_density": 0.03326495744473781,
      "avg_cyclomatic_approx": 9.9,
      "avg_functionality_score": 0.865,
      "judge_secure_rate": 0.21052631578947367,
      "avg_risk_delta_first_to_final": 0.0,
      "improved_risk_rate": 0.0
    },
    "very hard": {
      "runs": 80,
      "success_rate": 0.4875,
      "success_rate_ci95": {
        "low": 0.38107693944368337,
        "high": 0.5950685539629311
      },
      "first_attempt_success_rate": 0.35443037974683544,
      "avg_risk": 0.17397061703845385,
      "avg_risk_ci95": {
        "low": 0.1270615890604858,
        "high": 0.22087964501642188
      },
      "median_risk": 0.0,
      "avg_total_issues": 1.3375,
      "median_total_issues": 0.0,
      "avg_total_issues_raw": 1.3375,
      "median_total_issues_raw": 0.0,
      "avg_false_positive_count": 0,
      "median_false_positive_count": 0.0,
      "avg_false_positive_rate": 0.0,
      "avg_attempts": 1.4625,
      "fixer_rate": 0.1625,
      "sast_error_rate": 0.0,
      "target_issue_rate": 0.0875,
      "off_target_issue_rate": 0.45,
      "avg_off_target_issue_count": 1.025,
      "avg_loc_nonempty": 57.6375,
      "avg_issue_density": 0.028028901343412134,
      "avg_cyclomatic_approx": 10.316455696202532,
      "avg_functionality_score": 0.92,
      "judge_secure_rate": 0.5,
      "avg_risk_delta_first_to_final": 0.04450405442293204,
      "improved_risk_rate": 0.17721518987341772
    }
  },
  "by_combo_size": {
    "2": {
      "runs": 108,
      "success_rate": 0.35185185185185186,
      "success_rate_ci95": {
        "low": 0.2682886207090901,
        "high": 0.4455924396477001
      },
      "first_attempt_success_rate": 0.34579439252336447,
      "avg_risk": 0.19248030342518313,
      "avg_risk_ci95": {
        "low": 0.15782334927726302,
        "high": 0.22713725757310324
      },
      "median_risk": 0.2,
      "avg_total_issues": 1.3055555555555556,
      "median_total_issues": 1.0,
      "avg_total_issues_raw": 1.3055555555555556,
      "median_total_issues_raw": 1.0,
      "avg_false_positive_count": 0,
      "median_false_positive_count": 0.0,
      "avg_false_positive_rate": 0.0,
      "avg_attempts": 1.0092592592592593,
      "fixer_rate": 0.009259259259259259,
      "sast_error_rate": 0.0,
      "target_issue_rate": 0.09259259259259259,
      "off_target_issue_rate": 0.5555555555555556,
      "avg_off_target_issue_count": 1.1574074074074074,
      "avg_loc_nonempty": 38.06481481481482,
      "avg_issue_density": 0.04535205308740547,
      "avg_cyclomatic_approx": 7.504761904761905,