{
  "experiment": "exp_0218_0002_vuln__PHASE_TWO_10",
  "overall": {
    "runs": 173,
    "success_rate": 0.7687861271676301,
    "avg_risk": 0.07128568870871109,
    "avg_total_issues": 0.5028901734104047,
    "avg_issue_density": 0.01247574926396241,
    "correlations": {
      "risk_vs_loc_nonempty": {
        "pearson_r": 0.05760432474246035,
        "n": 173
      },
      "risk_vs_cyclomatic_approx": {
        "pearson_r": 0.1083691519047,
        "n": 173
      },
      "risk_vs_attempts_till_success": {
        "pearson_r": 0.54917032775127,
        "n": 173
      },
      "risk_vs_issue_weight_sum": {
        "pearson_r": 0.9301054187014345,
        "n": 173
      },
      "risk_vs_total_issues": {
        "pearson_r": 0.9308677704312608,
        "n": 173
      }
    }
  },
  "by_difficulty": {
    "very easy": {
      "runs": 47,
      "success_rate": 0.851063829787234,
      "success_rate_ci95": {
        "low": 0.7231410342888723,
        "high": 0.925933739125025
      },
      "first_attempt_success_rate": 0.3191489361702128,
      "avg_risk": 0.05633503805809351,
      "avg_risk_ci95": {
        "low": 0.013433589935449554,
        "high": 0.09923648618073747
      },
      "median_risk": 0.0,
      "avg_total_issues": 0.40425531914893614,
      "median_total_issues": 0,
      "avg_total_issues_raw": 0.40425531914893614,
      "median_total_issues_raw": 0,
      "avg_false_positive_count": 0,
      "median_false_positive_count": 0,
      "avg_false_positive_rate": 0.0,
      "avg_attempts": 1.9148936170212767,
      "fixer_rate": 0.5319148936170213,
      "sast_error_rate": 0.0,
      "target_issue_rate": 0.06382978723404255,
      "off_target_issue_rate": 0.1276595744680851,
      "avg_off_target_issue_count": 0.2978723404255319,
      "avg_loc_nonempty": 36.723404255319146,
      "avg_issue_density": 0.00859600559431495,
      "avg_cyclomatic_approx": 7.76595744680851,
      "avg_functionality_score": 0.6872340425531915,
      "judge_secure_rate": 0.851063829787234,
      "avg_risk_delta_first_to_final": 0.1627273934091213,
      "improved_risk_rate": 0.6170212765957447
    },
    "easy": {
      "runs": 43,
      "success_rate": 0.6511627906976745,
      "success_rate_ci95": {
        "low": 0.501715070970981,
        "high": 0.775816012510369
      },
      "first_attempt_success_rate": 0.18604651162790697,
      "avg_risk": 0.1170538964875053,
      "avg_risk_ci95": {
        "low": 0.055635845728512406,
        "high": 0.1784719472464982
      },
      "median_risk": 0.0,
      "avg_total_issues": 0.9302325581395349,
      "median_total_issues": 0,
      "avg_total_issues_raw": 0.9534883720930233,
      "median_total_issues_raw": 0,
      "avg_false_positive_count": 0.023255813953488372,
      "median_false_positive_count": 0,
      "avg_false_positive_rate": 0.06666666666666667,
      "avg_attempts": 2.3255813953488373,
      "fixer_rate": 0.46511627906976744,
      "sast_error_rate": 0.0,
      "target_issue_rate": 0.11627906976744186,
      "off_target_issue_rate": 0.23255813953488372,
      "avg_off_target_issue_count": 0.5581395348837209,
      "avg_loc_nonempty": 41.674418604651166,
      "avg_issue_density": 0.02476468171573634,
      "avg_cyclomatic_approx": 7.804878048780488,
      "avg_functionality_score": 0.7488372093023256,
      "judge_secure_rate": 0.6666666666666666,
      "avg_risk_delta_first_to_final": 0.21605638453907364,
      "improved_risk_rate": 0.7209302325581395
    },
    "medium": {
      "runs": 25,
      "success_rate": 0.84,
      "success_rate_ci95": {
        "low": 0.6534598601976183,
        "high": 0.9359665239142201
      },
      "first_attempt_success_rate": 0.4,
      "avg_risk": 0.041385281385281386,
      "avg_risk_ci95": {
        "low": 0.0,
        "high": 0.08709617710111886
      },
      "median_risk": 0.0,
      "avg_total_issues": 0.2,
      "median_total_issues": 0,
      "avg_total_issues_raw": 0.2,
      "median_total_issues_raw": 0,
      "avg_false_positive_count": 0,
      "median_false_positive_count": 0,
      "avg_false_positive_rate": 0.0,
      "avg_attempts": 1.88,
      "fixer_rate": 0.44,
      "sast_error_rate": 0.0,
      "target_issue_rate": 0.08,
      "off_target_issue_rate": 0.04,
      "avg_off_target_issue_count": 0.08,
      "avg_loc_nonempty": 47.64,
      "avg_issue_density": 0.005700720253529242,
      "avg_cyclomatic_approx": 8.875,
      "avg_functionality_score": 0.668,
      "judge_secure_rate": 0.875,
      "avg_risk_delta_first_to_final": 0.21246455505279035,
      "improved_risk_rate": 0.52
    },
    "hard": {
      "runs": 20,
      "success_rate": 0.85,
      "success_rate_ci95": {
        "low": 0.6395767041130426,
        "high": 0.9476322080405041
      },
      "first_attempt_success_rate": 0.3,
      "avg_risk": 0.053150041447913784,
      "avg_risk_ci95": {
        "low": 0.0,
        "high": 0.11111746769966616
      },
      "median_risk": 0.0,
      "avg_total_issues": 0.3,
      "median_total_issues": 0.0,
      "avg_total_issues_raw": 0.3,
      "median_total_issues_raw": 0.0,
      "avg_false_positive_count": 0,
      "median_false_positive_count": 0.0,
      "avg_false_positive_rate": 0.0,
      "avg_attempts": 1.9,
      "fixer_rate": 0.55,
      "sast_error_rate": 0.0,
      "target_issue_rate": 0.1,
      "off_target_issue_rate": 0.05,
      "avg_off_target_issue_count": 0.15,
      "avg_loc_nonempty": 54.8,
      "avg_issue_density": 0.0041804158283031525,
      "avg_cyclomatic_approx": 9.05,
      "avg_functionality_score": 0.635,
      "judge_secure_rate": 0.85,
      "avg_risk_delta_first_to_final": 0.15296159202719603,
      "improved_risk_rate": 0.65
    },
    "very hard": {
      "runs": 38,
      "success_rate": 0.7105263157894737,
      "success_rate_ci95": {
        "low": 0.5524256173381024,
        "high": 0.8299689373634387
      },
      "first_attempt_success_rate": 0.3157894736842105,
      "avg_risk": 0.06720334066641011,
      "avg_risk_ci95": {
        "low": 0.02486829492689179,
        "high": 0.10953838640592842
      },
      "median_risk": 0.0,
      "avg_total_issues": 0.4473684210526316,
      "median_total_issues": 0.0,
      "avg_total_issues_raw": 0.4473684210526316,
      "median_total_issues_raw": 0.0,
      "avg_false_positive_count": 0,
      "median_false_positive_count": 0.0,
      "avg_false_positive_rate": 0.0,
      "avg_attempts": 2.1052631578947367,
      "fixer_rate": 0.4473684210526316,
      "sast_error_rate": 0.0,
      "target_issue_rate": 0.13157894736842105,
      "off_target_issue_rate": 0.13157894736842105,
      "avg_off_target_issue_count": 0.2631578947368421,
      "avg_loc_nonempty": 50.8421052631579,
      "avg_issue_density": 0.012191703238203622,
      "avg_cyclomatic_approx": 8.166666666666666,
      "avg_functionality_score": 0.6894736842105263,
      "judge_secure_rate": 0.7105263157894737,
      "avg_risk_delta_first_to_final": 0.17982554557637512,
      "improved_risk_rate": 0.6052631578947368
    }
  },
  "by_combo_size": {
    "2": {
      "runs": 79,
      "success_rate": 0.7721518987341772,
      "success_rate_ci95": {
        "low": 0.6683294466956345,
        "high": 0.8507334395837226
      },
      "first_attempt_success_rate": 0.2911392405063291,
      "avg_risk": 0.06435969086750244,
      "avg_risk_ci95": {
        "low": 0.03204217760320317,
        "high": 0.09667720413180171
      },
      "median_risk": 0.0,
      "avg_total_issues": 0.46835443037974683,
      "median_total_issues": 0,
      "avg_total_issues_raw": 0.4810126582278481,
      "median_total_issues_raw": 0,
      "avg_false_positive_count": 0.012658227848101266,
      "median_false_positive_count": 0,
      "avg_false_positive_rate": 0.058823529411764705,
      "avg_attempts": 2.0632911392405062,
      "fixer_rate": 0.4810126582278481,
      "sast_error_rate": 0.0,
      "target_issue_rate": 0.05063291139240506,
      "off_target_issue_rate": 0.1518987341772152,