{
  "experiment": "exp_0425_1421_vuln__PHASE_ONE_5",
  "overall": {
    "runs": 189,
    "success_rate": 0.4656084656084656,
    "avg_risk": 0.12388739466469258,
    "avg_total_issues": 1.08994708994709,
    "avg_issue_density": 0.032994813260177065,
    "correlations": {
      "risk_vs_loc_nonempty": {
        "pearson_r": -0.17582232843144904,
        "n": 189
      },
      "risk_vs_cyclomatic_approx": {
        "pearson_r": 0.04131829200540684,
        "n": 189
      },
      "risk_vs_attempts_till_success": {
        "pearson_r": 0.3170761372392348,
        "n": 189
      },
      "risk_vs_issue_weight_sum": {
        "pearson_r": 0.8003120935636937,
        "n": 189
      },
      "risk_vs_total_issues": {
        "pearson_r": 0.6677675463872899,
        "n": 189
      }
    }
  },
  "by_axis": {
    "Unknown": {
      "runs": 189,
      "success_rate": 0.4656084656084656,
      "success_rate_ci95": {
        "low": 0.3958864745117736,
        "high": 0.5367006851052385
      },
      "first_attempt_success_rate": 0.26737967914438504,
      "avg_risk": 0.12388739466469258,
      "avg_risk_ci95": {
        "low": 0.09696606912254975,
        "high": 0.1508087202068354
      },
      "median_risk": 0.0,
      "avg_total_issues": 1.08994708994709,
      "median_total_issues": 1,
      "avg_total_issues_raw": 1.402116402116402,
      "median_total_issues_raw": 1,
      "avg_false_positive_count": 0.31216931216931215,
      "median_false_positive_count": 0,
      "avg_false_positive_rate": 0.2543103448275862,
      "avg_attempts": 2.2804232804232805,
      "fixer_rate": 0.20105820105820105,
      "sast_error_rate": 0.0,
      "target_issue_rate": 0.3492063492063492,
      "off_target_issue_rate": 0.19576719576719576,
      "avg_off_target_issue_count": 0.2804232804232804,
      "avg_loc_nonempty": 43.94708994708995,
      "avg_issue_density": 0.032994813260177065,
      "avg_cyclomatic_approx": 7.738636363636363,
      "avg_functionality_score": 0.5187830687830688,
      "judge_secure_rate": 0.4756756756756757,
      "avg_risk_delta_first_to_final": 0.1097478893006857,
      "improved_risk_rate": 0.45454545454545453
    }
  },
  "by_difficulty": {
    "unknown": {
      "runs": 189,
      "success_rate": 0.4656084656084656,
      "success_rate_ci95": {
        "low": 0.3958864745117736,
        "high": 0.5367006851052385
      },
      "first_attempt_success_rate": 0.26737967914438504,
      "avg_risk": 0.12388739466469258,
      "avg_risk_ci95": {
        "low": 0.09696606912254975,
        "high": 0.1508087202068354
      },
      "median_risk": 0.0,
      "avg_total_issues": 1.08994708994709,
      "median_total_issues": 1,
      "avg_total_issues_raw": 1.402116402116402,
      "median_total_issues_raw": 1,
      "avg_false_positive_count": 0.31216931216931215,
      "median_false_positive_count": 0,
      "avg_false_positive_rate": 0.2543103448275862,
      "avg_attempts": 2.2804232804232805,
      "fixer_rate": 0.20105820105820105,
      "sast_error_rate": 0.0,
      "target_issue_rate": 0.3492063492063492,
      "off_target_issue_rate": 0.19576719576719576,
      "avg_off_target_issue_count": 0.2804232804232804,
      "avg_loc_nonempty": 43.94708994708995,
      "avg_issue_density": 0.032994813260177065,
      "avg_cyclomatic_approx": 7.738636363636363,
      "avg_functionality_score": 0.5187830687830688,
      "judge_secure_rate": 0.4756756756756757,
      "avg_risk_delta_first_to_final": 0.1097478893006857,
      "improved_risk_rate": 0.45454545454545453
    }
  },
  "by_combo_size": {
    "1": {
      "runs": 36,
      "success_rate": 0.6944444444444444,
      "success_rate_ci95": {
        "low": 0.5314342132091627,
        "high": 0.8199572971719464
      },
      "first_attempt_success_rate": 0.5277777777777778,
      "avg_risk": 0.04257029892079959,
      "avg_risk_ci95": {
        "low": 0.011591709465187325,
        "high": 0.07354888837641185
      },
      "median_risk": 0.0,
      "avg_total_issues": 0.4722222222222222,
      "median_total_issues": 0.0,
      "avg_total_issues_raw": 0.8333333333333334,
      "median_total_issues_raw": 0.0,
      "avg_false_positive_count": 0.3611111111111111,
      "median_false_positive_count": 0.0,
      "avg_false_positive_rate": 0.41904761904761906,
      "avg_attempts": 1.75,
      "fixer_rate": 0.16666666666666666,
      "sast_error_rate": 0.0,
      "target_issue_rate": 0.1388888888888889,
      "off_target_issue_rate": 0.1388888888888889,
      "avg_off_target_issue_count": 0.19444444444444445,
      "avg_loc_nonempty": 36.111111111111114,
      "avg_issue_density": 0.014274747616097629,
      "avg_cyclomatic_approx": 6.352941176470588,
      "avg_functionality_score": 0.5916666666666667,
      "judge_secure_rate": 0.6944444444444444,
      "avg_risk_delta_first_to_final": 0.05549882618415253,
      "improved_risk_rate": 0.3055555555555556
    },
    "2": {
      "runs": 35,
      "success_rate": 0.4857142857142857,
      "success_rate_ci95": {
        "low": 0.32993980391252736,
        "high": 0.6443146037328837
      },
      "first_attempt_success_rate": 0.3142857142857143,
      "avg_risk": 0.14008167030301852,
      "avg_risk_ci95": {
        "low": 0.0776057827696254,
        "high": 0.20255755783641163
      },
      "median_risk": 0.0,
      "avg_total_issues": 1.2285714285714286,
      "median_total_issues": 1,
      "avg_total_issues_raw": 1.542857142857143,
      "median_total_issues_raw": 2,
      "avg_false_positive_count": 0.3142857142857143,
      "median_false_positive_count": 0,
      "avg_false_positive_rate": 0.25583333333333336,
      "avg_attempts": 2.2285714285714286,
      "fixer_rate": 0.17142857142857143,
      "sast_error_rate": 0.0,
      "target_issue_rate": 0.34285714285714286,
      "off_target_issue_rate": 0.2571428571428571,
      "avg_off_target_issue_count": 0.3142857142857143,
      "avg_loc_nonempty": 40.51428571428571,
      "avg_issue_density": 0.042572522415116464,
      "avg_cyclomatic_approx": 7.909090909090909,
      "avg_functionality_score": 0.54,
      "judge_secure_rate": 0.4857142857142857,
      "avg_risk_delta_first_to_final": 0.10769770313738655,
      "improved_risk_rate": 0.34285714285714286
    },
    "3": {
      "runs": 33,
      "success_rate": 0.45454545454545453,
      "success_rate_ci95": {
        "low": 0.298426891258915,
        "high": 0.6201434205625044
      },
      "first_attempt_success_rate": 0.21875,
      "avg_risk": 0.13930417606237366,
      "avg_risk_ci95": {
        "low": 0.060142133090844485,
        "high": 0.21846621903390284
      },
      "median_risk": 0.0,
      "avg_total_issues": 1.1818181818181819,
      "median_total_issues": 1,
      "avg_total_issues_raw": 1.5454545454545454,
      "median_total_issues_raw": 1,
      "avg_false_positive_count": 0.36363636363636365,
      "median_false_positive_count": 0,
      "avg_false_positive_rate": 0.2706349206349206,
      "avg_attempts": 2.3333333333333335,
      "fixer_rate": 0.24242424242424243,
      "sast_error_rate": 0.0,
      "target_issue_rate": 0.30303030303030304,
      "off_target_issue_rate": 0.18181818181818182,
      "avg_off_target_issue_count": 0.3333333333333333,
      "avg_loc_nonempty": 37.42424242424242,
      "avg_issue_density": 0.04235028897077795,
      "avg_cyclomatic_approx": 6.225806451612903,
      "avg_functionality_score": 0.4818181818181818,
      "judge_secure_rate": 0.46875,
      "avg_risk_delta_first_to_final": 0.08859054880987247,
      "improved_risk_rate": 0.5625
    },
    "4": {
      "runs": 32,
      "success_rate": 0.40625,
      "success_rate_ci95": {
        "low": 0.255194024803138,
        "high": 0.5774027342701177
      },
      "first_attempt_success_rate": 0.15625,
      "avg_risk": 0.13631527400956653,
      "avg_risk_ci95": {
        "low": 0.07058879557954102,
        "high": 0.20204175243959205
      },
      "median_risk": 0.0,
      "avg_total_issues": 1.1875,
      "median_total_issues": 1.0,