{
  "experiment": "0207_1005_PHASE_ONE_5",
  "overall": {
    "runs": 103,
    "success_rate": 0.5339805825242718,
    "avg_risk": 0.022378144770265538,
    "avg_total_issues": 0.22330097087378642,
    "avg_issue_density": 0.006452729508291294,
    "correlations": {
      "risk_vs_loc_nonempty": {
        "pearson_r": 0.1006207136432283,
        "n": 103
      },
      "risk_vs_cyclomatic_approx": {
        "pearson_r": 0.038344881316933116,
        "n": 103
      },
      "risk_vs_attempts_till_success": {
        "pearson_r": 0.36004185342761297,
        "n": 103
      },
      "risk_vs_issue_weight_sum": {
        "pearson_r": 0.9967966730035959,
        "n": 103
      },
      "risk_vs_total_issues": {
        "pearson_r": 0.8608031534986905,
        "n": 103
      }
    }
  },
  "by_difficulty": {
    "very easy": {
      "runs": 41,
      "success_rate": 0.5121951219512195,
      "success_rate_ci95": {
        "low": 0.36484259315865186,
        "high": 0.657458127600643
      },
      "first_attempt_success_rate": 0.4878048780487805,
      "avg_risk": 0.016027041990850015,
      "avg_risk_ci95": {
        "low": 0.0005811724758583662,
        "high": 0.031472911505841666
      },
      "median_risk": 0.0,
      "avg_total_issues": 0.1951219512195122,
      "median_total_issues": 0,
      "avg_total_issues_raw": 0.24390243902439024,
      "median_total_issues_raw": 0,
      "avg_false_positive_count": 0.04878048780487805,
      "median_false_positive_count": 0,
      "avg_false_positive_rate": 0.25,
      "avg_attempts": 2.4878048780487805,
      "fixer_rate": 0.5121951219512195,
      "sast_error_rate": 0.0,
      "target_issue_rate": 0.0,
      "off_target_issue_rate": 0.14634146341463414,
      "avg_off_target_issue_count": 0.1951219512195122,
      "avg_loc_nonempty": 32.78048780487805,
      "avg_issue_density": 0.005039918676934459,
      "avg_cyclomatic_approx": 7.2926829268292686,
      "avg_functionality_score": 1.0,
      "judge_secure_rate": 0.5833333333333334,
      "avg_risk_delta_first_to_final": 0.05226480836236933,
      "improved_risk_rate": 0.36585365853658536
    },
    "easy": {
      "runs": 27,
      "success_rate": 0.6666666666666666,
      "success_rate_ci95": {
        "low": 0.47824419872105484,
        "high": 0.8135694555640665
      },
      "first_attempt_success_rate": 0.5185185185185185,
      "avg_risk": 0.016051992796178843,
      "avg_risk_ci95": {
        "low": 0.0,
        "high": 0.03704787438389899
      },
      "median_risk": 0.0,
      "avg_total_issues": 0.1111111111111111,
      "median_total_issues": 0,
      "avg_total_issues_raw": 0.14814814814814814,
      "median_total_issues_raw": 0,
      "avg_false_positive_count": 0.037037037037037035,
      "median_false_positive_count": 0,
      "avg_false_positive_rate": 0.25,
      "avg_attempts": 2.185185185185185,
      "fixer_rate": 0.5185185185185185,
      "sast_error_rate": 0.0,
      "target_issue_rate": 0.07407407407407407,
      "off_target_issue_rate": 0.037037037037037035,
      "avg_off_target_issue_count": 0.037037037037037035,
      "avg_loc_nonempty": 33.81481481481482,
      "avg_issue_density": 0.005366871594941771,
      "avg_cyclomatic_approx": 6.2592592592592595,
      "avg_functionality_score": 1.0,
      "judge_secure_rate": 0.6666666666666666,
      "avg_risk_delta_first_to_final": 0.05020302694721299,
      "improved_risk_rate": 0.37037037037037035
    },
    "medium": {
      "runs": 17,
      "success_rate": 0.5882352941176471,
      "success_rate_ci95": {
        "low": 0.36005074385515545,
        "high": 0.7838921396086862
      },
      "first_attempt_success_rate": 0.17647058823529413,
      "avg_risk": 0.04020963223999277,
      "avg_risk_ci95": {
        "low": 0.008550394327973922,
        "high": 0.07186887015201163
      },
      "median_risk": 0.0,
      "avg_total_issues": 0.47058823529411764,
      "median_total_issues": 0,
      "avg_total_issues_raw": 0.6470588235294118,
      "median_total_issues_raw": 0,
      "avg_false_positive_count": 0.17647058823529413,
      "median_false_positive_count": 0,
      "avg_false_positive_rate": 0.3125,
      "avg_attempts": 2.4705882352941178,
      "fixer_rate": 0.5882352941176471,
      "sast_error_rate": 0.0,
      "target_issue_rate": 0.0,
      "off_target_issue_rate": 0.35294117647058826,
      "avg_off_target_issue_count": 0.47058823529411764,
      "avg_loc_nonempty": 39.23529411764706,
      "avg_issue_density": 0.012149038165474151,
      "avg_cyclomatic_approx": 7.882352941176471,
      "avg_functionality_score": 1.0,
      "judge_secure_rate": 0.625,
      "avg_risk_delta_first_to_final": 0.06862745098039215,
      "improved_risk_rate": 0.47058823529411764
    },
    "hard": {
      "runs": 11,
      "success_rate": 0.18181818181818182,
      "success_rate_ci95": {
        "low": 0.05136660067100063,
        "high": 0.4769861375782448
      },
      "first_attempt_success_rate": 0.6363636363636364,
      "avg_risk": 0.048261148739617635,
      "avg_risk_ci95": {
        "low": 0.0,
        "high": 0.10596658978581944
      },
      "median_risk": 0.0,
      "avg_total_issues": 0.36363636363636365,
      "median_total_issues": 0,
      "avg_total_issues_raw": 0.36363636363636365,
      "median_total_issues_raw": 0,
      "avg_false_positive_count": 0,
      "median_false_positive_count": 0,
      "avg_false_positive_rate": 0.0,
      "avg_attempts": 2.8181818181818183,
      "fixer_rate": 0.09090909090909091,
      "sast_error_rate": 0.0,
      "target_issue_rate": 0.09090909090909091,
      "off_target_issue_rate": 0.18181818181818182,
      "avg_off_target_issue_count": 0.2727272727272727,
      "avg_loc_nonempty": 49.72727272727273,
      "avg_issue_density": 0.009686844702109289,
      "avg_cyclomatic_approx": 8.636363636363637,
      "avg_functionality_score": 1.0,
      "judge_secure_rate": 0.18181818181818182,
      "avg_risk_delta_first_to_final": 0.00683526999316473,
      "improved_risk_rate": 0.09090909090909091
    },
    "very hard": {
      "runs": 7,
      "success_rate": 0.5714285714285714,
      "success_rate_ci95": {
        "low": 0.2504542304090258,
        "high": 0.8417830777373732
      },
      "first_attempt_success_rate": 0.7142857142857143,
      "avg_risk": 0.0,
      "avg_risk_ci95": {
        "low": 0.0,
        "high": 0.0
      },
      "median_risk": 0.0,
      "avg_total_issues": 0,
      "median_total_issues": 0,
      "avg_total_issues_raw": 0,
      "median_total_issues_raw": 0,
      "avg_false_positive_count": 0,
      "median_false_positive_count": 0,
      "avg_false_positive_rate": null,
      "avg_attempts": 2.4285714285714284,
      "fixer_rate": 0.5714285714285714,
      "sast_error_rate": 0.0,
      "target_issue_rate": 0.0,
      "off_target_issue_rate": 0.0,
      "avg_off_target_issue_count": 0,
      "avg_loc_nonempty": 38,
      "avg_issue_density": 0.0,
      "avg_cyclomatic_approx": 7.428571428571429,
      "avg_functionality_score": 1.0,
      "judge_secure_rate": 0.5714285714285714,
      "avg_risk_delta_first_to_final": 0.04081632653061224,
      "improved_risk_rate": 0.2857142857142857
    }
  },
  "by_combo_size": {
    "2": {
      "runs": 86,
      "success_rate": 0.5465116279069767,
      "success_rate_ci95": {
        "low": 0.44155981420304113,
        "high": 0.6474857949579708
      },
      "first_attempt_success_rate": 0.5116279069767442,
      "avg_risk": 0.01818401930930063,
      "avg_risk_ci95": {
        "low": 0.006066064162078879,
        "high": 0.030301974456522378
      },
      "median_risk": 0.0,
      "avg_total_issues": 0.18604651162790697,
      "median_total_issues": 0.0,
      "avg_total_issues_raw": 0.2441860465116279,
      "median_total_issues_raw": 0.0,
      "avg_false_positive_count": 0.05813953488372093,
      "median_false_positive_count": 0.0,
      "avg_false_positive_rate": 0.28125,
      "avg_attempts": 2.4069767441860463,
      "fixer_rate": 0.5,