{
  "experiment": "exp_0213_0152_vuln__PHASE_ONE_5",
  "overall": {
    "runs": 160,
    "success_rate": 0.31875,
    "avg_risk": 0.21099449009197838,
    "avg_total_issues": 1.55,
    "avg_issue_density": 0.04464134840783791,
    "correlations": {
      "risk_vs_loc_nonempty": {
        "pearson_r": 0.16033174885781826,
        "n": 160
      },
      "risk_vs_cyclomatic_approx": {
        "pearson_r": 0.21183304310245815,
        "n": 160
      },
      "risk_vs_attempts_till_success": {
        "pearson_r": null,
        "n": 160
      },
      "risk_vs_issue_weight_sum": {
        "pearson_r": 0.8738517327275614,
        "n": 160
      },
      "risk_vs_total_issues": {
        "pearson_r": 0.9043990653751133,
        "n": 160
      }
    }
  },
  "by_difficulty": {
    "very easy": {
      "runs": 49,
      "success_rate": 0.30612244897959184,
      "success_rate_ci95": {
        "low": 0.1951532349314748,
        "high": 0.4452815740069374
      },
      "first_attempt_success_rate": 0.30612244897959184,
      "avg_risk": 0.21813820853306212,
      "avg_risk_ci95": {
        "low": 0.16441256620374847,
        "high": 0.27186385086237574
      },
      "median_risk": 0.2,
      "avg_total_issues": 1.510204081632653,
      "median_total_issues": 1,
      "avg_total_issues_raw": 1.510204081632653,
      "median_total_issues_raw": 1,
      "avg_false_positive_count": 0,
      "median_false_positive_count": 0,
      "avg_false_positive_rate": 0.0,
      "avg_attempts": 1,
      "fixer_rate": 0.0,
      "sast_error_rate": 0.0,
      "target_issue_rate": 0.12244897959183673,
      "off_target_issue_rate": 0.5918367346938775,
      "avg_off_target_issue_count": 1.3265306122448979,
      "avg_loc_nonempty": 36.204081632653065,
      "avg_issue_density": 0.05751647494290883,
      "avg_cyclomatic_approx": 6.833333333333333,
      "avg_functionality_score": 0.936734693877551,
      "judge_secure_rate": 0.3125,
      "avg_risk_delta_first_to_final": 0.02040816326530612,
      "improved_risk_rate": 0.02040816326530612
    },
    "easy": {
      "runs": 27,
      "success_rate": 0.25925925925925924,
      "success_rate_ci95": {
        "low": 0.13170208422866778,
        "high": 0.4467893040261568
      },
      "first_attempt_success_rate": 0.25925925925925924,
      "avg_risk": 0.22000943470398615,
      "avg_risk_ci95": {
        "low": 0.14987758332768922,
        "high": 0.2901412860802831
      },
      "median_risk": 0.2,
      "avg_total_issues": 1.4814814814814814,
      "median_total_issues": 1,
      "avg_total_issues_raw": 1.4814814814814814,
      "median_total_issues_raw": 1,
      "avg_false_positive_count": 0,
      "median_false_positive_count": 0,
      "avg_false_positive_rate": 0.0,
      "avg_attempts": 1,
      "fixer_rate": 0.0,
      "sast_error_rate": 0.0,
      "target_issue_rate": 0.037037037037037035,
      "off_target_issue_rate": 0.6666666666666666,
      "avg_off_target_issue_count": 1.3703703703703705,
      "avg_loc_nonempty": 39.666666666666664,
      "avg_issue_density": 0.04890621861506291,
      "avg_cyclomatic_approx": 7.076923076923077,
      "avg_functionality_score": 0.9333333333333333,
      "judge_secure_rate": 0.2692307692307692,
      "avg_risk_delta_first_to_final": 0.037037037037037035,
      "improved_risk_rate": 0.037037037037037035
    },
    "medium": {
      "runs": 20,
      "success_rate": 0.55,
      "success_rate_ci95": {
        "low": 0.3420820083075997,
        "high": 0.7418049791429071
      },
      "first_attempt_success_rate": 0.55,
      "avg_risk": 0.13093240093240094,
      "avg_risk_ci95": {
        "low": 0.06071538683754682,
        "high": 0.20114941502725506
      },
      "median_risk": 0.0,
      "avg_total_issues": 0.9,
      "median_total_issues": 0.0,
      "avg_total_issues_raw": 0.9,
      "median_total_issues_raw": 0.0,
      "avg_false_positive_count": 0,
      "median_false_positive_count": 0.0,
      "avg_false_positive_rate": 0.0,
      "avg_attempts": 1,
      "fixer_rate": 0.0,
      "sast_error_rate": 0.0,
      "target_issue_rate": 0.0,
      "off_target_issue_rate": 0.45,
      "avg_off_target_issue_count": 0.9,
      "avg_loc_nonempty": 33.05,
      "avg_issue_density": 0.02855143555453153,
      "avg_cyclomatic_approx": 7,
      "avg_functionality_score": 0.92,
      "judge_secure_rate": 0.55,
      "avg_risk_delta_first_to_final": 0.0,
      "improved_risk_rate": 0.0
    },
    "hard": {
      "runs": 20,
      "success_rate": 0.2,
      "success_rate_ci95": {
        "low": 0.0806563532712,
        "high": 0.41602172202575993
      },
      "first_attempt_success_rate": 0.21052631578947367,
      "avg_risk": 0.2090403532438765,
      "avg_risk_ci95": {
        "low": 0.13075109961746648,
        "high": 0.2873296068702865
      },
      "median_risk": 0.2,
      "avg_total_issues": 1.55,
      "median_total_issues": 1.0,
      "avg_total_issues_raw": 1.55,
      "median_total_issues_raw": 1.0,
      "avg_false_positive_count": 0,
      "median_false_positive_count": 0.0,
      "avg_false_positive_rate": 0.0,
      "avg_attempts": 1,
      "fixer_rate": 0.0,
      "sast_error_rate": 0.0,
      "target_issue_rate": 0.15,
      "off_target_issue_rate": 0.7,
      "avg_off_target_issue_count": 1.35,
      "avg_loc_nonempty": 52.05,
      "avg_issue_density": 0.03326495744473781,
      "avg_cyclomatic_approx": 9.9,
      "avg_functionality_score": 0.865,
      "judge_secure_rate": 0.21052631578947367,
      "avg_risk_delta_first_to_final": 0.0,
      "improved_risk_rate": 0.0
    },
    "very hard": {
      "runs": 44,
      "success_rate": 0.3181818181818182,
      "success_rate_ci95": {
        "low": 0.19999129931673562,
        "high": 0.46557172533126934
      },
      "first_attempt_success_rate": 0.32558139534883723,
      "avg_risk": 0.23478719036507548,
      "avg_risk_ci95": {
        "low": 0.16611148568936207,
        "high": 0.3034628950407889
      },
      "median_risk": 0.2,
      "avg_total_issues": 1.9318181818181819,
      "median_total_issues": 1.0,
      "avg_total_issues_raw": 1.9318181818181819,
      "median_total_issues_raw": 1.0,
      "avg_false_positive_count": 0,
      "median_false_positive_count": 0.0,
      "avg_false_positive_rate": 0.0,
      "avg_attempts": 1,
      "fixer_rate": 0.0,
      "sast_error_rate": 0.0,
      "target_issue_rate": 0.11363636363636363,
      "off_target_issue_rate": 0.6136363636363636,
      "avg_off_target_issue_count": 1.4318181818181819,
      "avg_loc_nonempty": 56,
      "avg_issue_density": 0.039802208629965315,
      "avg_cyclomatic_approx": 10.813953488372093,
      "avg_functionality_score": 0.9,
      "judge_secure_rate": 0.3333333333333333,
      "avg_risk_delta_first_to_final": 0.023255813953488372,
      "improved_risk_rate": 0.023255813953488372
    }
  },
  "by_combo_size": {
    "2": {
      "runs": 106,
      "success_rate": 0.33962264150943394,
      "success_rate_ci95": {
        "low": 0.2564882375971125,
        "high": 0.4339751205477068
      },
      "first_attempt_success_rate": 0.34285714285714286,
      "avg_risk": 0.19611200726339412,
      "avg_risk_ci95": {
        "low": 0.16116892667408222,
        "high": 0.231055087852706
      },
      "median_risk": 0.2,
      "avg_total_issues": 1.330188679245283,
      "median_total_issues": 1.0,
      "avg_total_issues_raw": 1.330188679245283,
      "median_total_issues_raw": 1.0,
      "avg_false_positive_count": 0,
      "median_false_positive_count": 0.0,
      "avg_false_positive_rate": 0.0,
      "avg_attempts": 1,
      "fixer_rate": 0.0,
      "sast_error_rate": 0.0,
      "target_issue_rate": 0.09433962264150944,
      "off_target_issue_rate": 0.5660377358490566,
      "avg_off_target_issue_count": 1.179245283018868,
      "avg_loc_nonempty": 37.66981132075472,
      "avg_issue_density": 0.04621590171764176,
      "avg_cyclomatic_approx": 7.378640776699029,
      "avg_functionality_score": 0.930188679245283,